-- MySQL dump 10.13  Distrib 5.6.14, for Win32 (x86)
--
-- Host: localhost    Database: pos
-- ------------------------------------------------------
-- Server version	5.6.14

/*!40101 SET @OLD_CHARACTER_SET_CLIENT=@@CHARACTER_SET_CLIENT */;
/*!40101 SET @OLD_CHARACTER_SET_RESULTS=@@CHARACTER_SET_RESULTS */;
/*!40101 SET @OLD_COLLATION_CONNECTION=@@COLLATION_CONNECTION */;
/*!40101 SET NAMES utf8 */;
/*!40103 SET @OLD_TIME_ZONE=@@TIME_ZONE */;
/*!40103 SET TIME_ZONE='+00:00' */;
/*!40014 SET @OLD_UNIQUE_CHECKS=@@UNIQUE_CHECKS, UNIQUE_CHECKS=0 */;
/*!40014 SET @OLD_FOREIGN_KEY_CHECKS=@@FOREIGN_KEY_CHECKS, FOREIGN_KEY_CHECKS=0 */;
/*!40101 SET @OLD_SQL_MODE=@@SQL_MODE, SQL_MODE='NO_AUTO_VALUE_ON_ZERO' */;
/*!40111 SET @OLD_SQL_NOTES=@@SQL_NOTES, SQL_NOTES=0 */;

--
-- Table structure for table `g56_alerts`
--

DROP TABLE IF EXISTS `g56_alerts`;
/*!40101 SET @saved_cs_client     = @@character_set_client */;
/*!40101 SET character_set_client = utf8 */;
CREATE TABLE `g56_alerts` (
  `id` int(10) unsigned NOT NULL AUTO_INCREMENT,
  `type` varchar(255) COLLATE utf8_unicode_ci NOT NULL,
  `from` int(11) NOT NULL,
  `to` int(11) NOT NULL,
  `body` varchar(255) COLLATE utf8_unicode_ci NOT NULL,
  `checked` tinyint(1) NOT NULL DEFAULT '0',
  `created_at` timestamp NOT NULL DEFAULT '0000-00-00 00:00:00',
  `updated_at` timestamp NOT NULL DEFAULT '0000-00-00 00:00:00',
  PRIMARY KEY (`id`)
) ENGINE=InnoDB DEFAULT CHARSET=utf8 COLLATE=utf8_unicode_ci;
/*!40101 SET character_set_client = @saved_cs_client */;

--
-- Dumping data for table `g56_alerts`
--

LOCK TABLES `g56_alerts` WRITE;
/*!40000 ALTER TABLE `g56_alerts` DISABLE KEYS */;
/*!40000 ALTER TABLE `g56_alerts` ENABLE KEYS */;
UNLOCK TABLES;

--
-- Table structure for table `g56_bankentries`
--

DROP TABLE IF EXISTS `g56_bankentries`;
/*!40101 SET @saved_cs_client     = @@character_set_client */;
/*!40101 SET character_set_client = utf8 */;
CREATE TABLE `g56_bankentries` (
  `id` int(10) unsigned NOT NULL AUTO_INCREMENT,
  `user_id` int(11) NOT NULL,
  `bank_name` varchar(255) COLLATE utf8_unicode_ci NOT NULL,
  `teller_number` varchar(255) COLLATE utf8_unicode_ci NOT NULL,
  `payment_type` varchar(255) COLLATE utf8_unicode_ci NOT NULL,
  `amount` varchar(255) COLLATE utf8_unicode_ci NOT NULL,
  `depositor_name` varchar(255) COLLATE utf8_unicode_ci NOT NULL,
  `deposit_date` varchar(255) COLLATE utf8_unicode_ci NOT NULL,
  `depositor_number` varchar(255) COLLATE utf8_unicode_ci NOT NULL,
  `comment` varchar(255) COLLATE utf8_unicode_ci NOT NULL,
  `status` tinyint(1) NOT NULL,
  `created_at` timestamp NOT NULL DEFAULT '0000-00-00 00:00:00',
  `updated_at` timestamp NOT NULL DEFAULT '0000-00-00 00:00:00',
  PRIMARY KEY (`id`)
) ENGINE=InnoDB AUTO_INCREMENT=16 DEFAULT CHARSET=utf8 COLLATE=utf8_unicode_ci;
/*!40101 SET character_set_client = @saved_cs_client */;

--
-- Dumping data for table `g56_bankentries`
--

LOCK TABLES `g56_bankentries` WRITE;
/*!40000 ALTER TABLE `g56_bankentries` DISABLE KEYS */;
INSERT INTO `g56_bankentries` VALUES (2,1,'First Bank','3884392','creditcard','19,390','Dele','2014-01-30 00:00:00','08077379160','No comment',1,'2014-02-09 21:22:22','2014-02-09 21:22:22'),(3,1,'First Bank','3884392','creditcard','19390.00','Dele','2014-01-30 00:00:00','08077379160','No comment',1,'2014-02-09 21:23:49','2014-02-09 21:23:49'),(4,1,'GT bank','03994753','cash','2000.00','Oyin Alara','2014-02-10 00:00:00','08077379160','Why comment',1,'2014-02-10 07:13:19','2014-02-15 14:57:30'),(5,1,'Stanbic Trust Bank','394758','creditcard','388454732.00','Farooq','2014-02-10 00:00:00','12345678900','',1,'2014-02-10 10:51:12','2014-02-15 17:59:12'),(6,1,'GT Bank','9948594','cash','9374748.93','Mugu','2014-02-09 00:00:00','29939374324','Commentation note',1,'2014-02-10 21:43:11','2014-02-15 15:02:22'),(7,3,'Wema Bank','599605833','cash','58003732.00','Dangote','2014-02-07 00:00:00','08034331565','Just a normal sales person',1,'2014-02-11 21:46:32','2014-02-15 14:57:16'),(8,1,'FCMB','00929372','cash','47999.00','Oyin','2014-02-14 00:00:00','00293747837','Was a little late',1,'2014-02-15 18:16:36','2014-02-15 18:35:46'),(9,1,'FCMB','003947758','cash','889400.00','Oyin','2014-02-14 00:00:00','00293747837','Was a little late',1,'2014-02-15 18:17:40','2014-02-15 18:35:50'),(10,1,'FCMB','99475732','cash','9477532.00','Oyin','2014-02-14 00:00:00','00293747837','Was a little late',1,'2014-02-15 18:19:33','2014-02-15 18:35:53'),(12,1,'Zenith Bank','jk8937493','cash','2000.00','Oyin Alara','May 4, 2014','08077379160','',1,'2014-05-04 00:03:57','2014-05-04 00:47:50'),(13,1,'Bank Of Baroda','394758','pos','97832.00','Debola Glamour','Apr 29, 2014','08077379160','',0,'2014-05-04 00:17:51','2014-05-04 01:00:52'),(14,1,'First Banmk','03994753','pos','15000.00','Debola Glamour','2013-08-13 00:00:00','08077379160','Why comment',1,'2014-05-05 13:03:48','2014-05-05 13:03:48'),(15,1,'Bank PHB','8768hbj','cash','388454732.00','Gloria','2014-05-09 00:00:00','08077379160','Some test subject',1,'2014-05-09 18:46:49','2014-05-09 18:46:49');
/*!40000 ALTER TABLE `g56_bankentries` ENABLE KEYS */;
UNLOCK TABLES;

--
-- Table structure for table `g56_brands`
--

DROP TABLE IF EXISTS `g56_brands`;
/*!40101 SET @saved_cs_client     = @@character_set_client */;
/*!40101 SET character_set_client = utf8 */;
CREATE TABLE `g56_brands` (
  `id` int(10) unsigned NOT NULL AUTO_INCREMENT,
  `name` varchar(255) COLLATE utf8_unicode_ci NOT NULL,
  `published` int(11) NOT NULL DEFAULT '0',
  `brandlogo` varchar(255) COLLATE utf8_unicode_ci NOT NULL,
  `deleted_at` timestamp NULL DEFAULT NULL,
  `created_at` timestamp NOT NULL DEFAULT '0000-00-00 00:00:00',
  `updated_at` timestamp NOT NULL DEFAULT '0000-00-00 00:00:00',
  PRIMARY KEY (`id`)
) ENGINE=InnoDB AUTO_INCREMENT=10 DEFAULT CHARSET=utf8 COLLATE=utf8_unicode_ci;
/*!40101 SET character_set_client = @saved_cs_client */;

--
-- Dumping data for table `g56_brands`
--

LOCK TABLES `g56_brands` WRITE;
/*!40000 ALTER TABLE `g56_brands` DISABLE KEYS */;
INSERT INTO `g56_brands` VALUES (4,'mac',1,'17742217076892645494.jpg',NULL,'2014-01-31 20:05:52','2014-05-03 22:09:32'),(6,'sample data',0,'99456031900015901389.jpg',NULL,'2014-02-06 22:32:01','2014-06-05 07:46:25'),(7,'home',0,'75164855347759247002.png',NULL,'2014-02-07 08:00:11','2014-05-03 22:27:11'),(8,'other',0,'',NULL,'2014-05-15 19:39:07','2014-05-15 19:39:07'),(9,'services',1,'',NULL,'2014-05-25 18:16:26','2014-07-26 08:24:41');
/*!40000 ALTER TABLE `g56_brands` ENABLE KEYS */;
UNLOCK TABLES;

--
-- Table structure for table `g56_customer_logs`
--

DROP TABLE IF EXISTS `g56_customer_logs`;
/*!40101 SET @saved_cs_client     = @@character_set_client */;
/*!40101 SET character_set_client = utf8 */;
CREATE TABLE `g56_customer_logs` (
  `id` int(10) unsigned NOT NULL AUTO_INCREMENT,
  `customer_id` int(11) NOT NULL,
  `alltime_spent` decimal(19,4) NOT NULL DEFAULT '0.0000',
  `alltime_quantity` int(11) NOT NULL DEFAULT '0',
  `alltime_visits` int(11) NOT NULL DEFAULT '0',
  `created_at` timestamp NOT NULL DEFAULT '0000-00-00 00:00:00',
  `updated_at` timestamp NOT NULL DEFAULT '0000-00-00 00:00:00',
  PRIMARY KEY (`id`),
  UNIQUE KEY `customer_logs_customer_id_unique` (`customer_id`)
) ENGINE=InnoDB AUTO_INCREMENT=11 DEFAULT CHARSET=utf8 COLLATE=utf8_unicode_ci;
/*!40101 SET character_set_client = @saved_cs_client */;

--
-- Dumping data for table `g56_customer_logs`
--

LOCK TABLES `g56_customer_logs` WRITE;
/*!40000 ALTER TABLE `g56_customer_logs` DISABLE KEYS */;
INSERT INTO `g56_customer_logs` VALUES (7,2,1012333.0075,98,12,'2013-12-16 22:25:40','2014-02-07 16:59:22'),(8,3,273385.6500,59,12,'2013-12-16 22:25:40','2014-08-07 20:05:43'),(9,4,3803885.0000,95,30,'2013-12-16 22:25:40','2013-09-18 22:25:40'),(10,5,424200.0000,72,12,'2014-04-27 07:26:26','2014-08-07 20:04:07');
/*!40000 ALTER TABLE `g56_customer_logs` ENABLE KEYS */;
UNLOCK TABLES;

--
-- Table structure for table `g56_customers`
--

DROP TABLE IF EXISTS `g56_customers`;
/*!40101 SET @saved_cs_client     = @@character_set_client */;
/*!40101 SET character_set_client = utf8 */;
CREATE TABLE `g56_customers` (
  `id` int(10) unsigned NOT NULL AUTO_INCREMENT,
  `token` varchar(255) COLLATE utf8_unicode_ci NOT NULL,
  `name` varchar(255) COLLATE utf8_unicode_ci NOT NULL,
  `phone` varchar(255) COLLATE utf8_unicode_ci NOT NULL,
  `email` varchar(255) COLLATE utf8_unicode_ci NOT NULL,
  `birthday` varchar(255) COLLATE utf8_unicode_ci NOT NULL,
  `mode_id` int(11) NOT NULL,
  `createdby` varchar(255) COLLATE utf8_unicode_ci NOT NULL,
  `created_at` timestamp NOT NULL DEFAULT '0000-00-00 00:00:00',
  `updated_at` timestamp NOT NULL DEFAULT '0000-00-00 00:00:00',
  PRIMARY KEY (`id`),
  UNIQUE KEY `customers_token_unique` (`token`),
  UNIQUE KEY `customers_phone_unique` (`phone`),
  UNIQUE KEY `customers_email_unique` (`email`)
) ENGINE=InnoDB AUTO_INCREMENT=20 DEFAULT CHARSET=utf8 COLLATE=utf8_unicode_ci;
/*!40101 SET character_set_client = @saved_cs_client */;

--
-- Dumping data for table `g56_customers`
--

LOCK TABLES `g56_customers` WRITE;
/*!40000 ALTER TABLE `g56_customers` DISABLE KEYS */;
INSERT INTO `g56_customers` VALUES (2,'699747','Adebola Bello','08077379160','abc@yahoo.com','02-22',2,'debola001','2013-10-07 19:39:14','2013-10-07 19:39:14'),(3,'708356','Mr Frank','08034331565','abcd@yahoo.com','02-23',3,'kaidoh2','2013-10-08 11:07:56','2013-10-08 11:07:56'),(4,'953886','Glamour56','08077379161','adebolatayo2008@yahoo.com','01-26',2,'kaidoh2','2013-10-08 11:25:29','2013-10-08 11:25:29'),(5,'557720','Damochi Ado','08092293336','2minglecp@gmail.com','06-06',1,'debola1','2013-12-18 13:11:30','2013-12-18 13:11:30'),(16,'402492','sample','39483947503','jkdnf@njf.cok','2014-05-05 00:00:00',1,'debola1','2014-05-03 03:42:40','2014-05-03 03:42:40'),(17,'700815','uoud','23484730274','jnkdk@kwjnf.ckj','2014-03-05 00:00:00',1,'debola1','2014-05-03 03:43:55','2014-05-03 03:43:55'),(18,'070720','kjnhb','09263333333','jwdb@jbhd.iwe','2014-05-03 00:00:00',1,'debola1','2014-05-03 03:57:04','2014-05-03 03:57:04'),(19,'428829','gerg','12345678901','','2014-07-02 00:00:00',1,'debola1','2014-07-19 21:21:18','2014-07-19 21:21:18');
/*!40000 ALTER TABLE `g56_customers` ENABLE KEYS */;
UNLOCK TABLES;

--
-- Table structure for table `g56_expenditures`
--

DROP TABLE IF EXISTS `g56_expenditures`;
/*!40101 SET @saved_cs_client     = @@character_set_client */;
/*!40101 SET character_set_client = utf8 */;
CREATE TABLE `g56_expenditures` (
  `id` int(10) unsigned NOT NULL AUTO_INCREMENT,
  `user_id` int(11) NOT NULL,
  `item_name` varchar(255) COLLATE utf8_unicode_ci NOT NULL,
  `payment_type` varchar(255) COLLATE utf8_unicode_ci NOT NULL,
  `amount` varchar(255) COLLATE utf8_unicode_ci NOT NULL,
  `date` varchar(255) COLLATE utf8_unicode_ci NOT NULL,
  `comment` varchar(255) COLLATE utf8_unicode_ci NOT NULL,
  `status` tinyint(4) NOT NULL DEFAULT '0',
  `created_at` timestamp NOT NULL DEFAULT '0000-00-00 00:00:00',
  `updated_at` timestamp NOT NULL DEFAULT '0000-00-00 00:00:00',
  PRIMARY KEY (`id`)
) ENGINE=InnoDB AUTO_INCREMENT=16 DEFAULT CHARSET=utf8 COLLATE=utf8_unicode_ci;
/*!40101 SET character_set_client = @saved_cs_client */;

--
-- Dumping data for table `g56_expenditures`
--

LOCK TABLES `g56_expenditures` WRITE;
/*!40000 ALTER TABLE `g56_expenditures` DISABLE KEYS */;
INSERT INTO `g56_expenditures` VALUES (4,1,'Light Bill','cash','350000.00','2014-05-04 00:00:00','I will make it in Jesus name',0,'2014-05-05 04:30:22','2014-05-10 07:41:45'),(5,1,'Airtel Recharge','cash','67600.00','2014-05-05 00:00:00','For internet Data',1,'2014-05-09 01:35:19','2014-05-09 22:27:44'),(7,1,'New Computer','cash','82000.00','2014-05-06 00:00:00','At Emab',1,'2014-05-10 07:19:27','2014-05-10 07:19:27'),(8,1,'Printer','cash','1200.00','2014-05-06 00:00:00','',1,'2014-05-10 07:42:30','2014-05-10 07:42:30'),(11,1,'Air Condition Repairer','bank transfer','82000.00','2014-06-06 00:00:00','',1,'2014-06-08 22:19:16','2014-06-08 22:21:13'),(12,1,'Orange','cash','3000.00','2014-07-10 00:00:00','',1,'2014-07-27 08:43:11','2014-07-27 08:43:11'),(13,1,'Mango','cash','3000.00','2014-07-18 00:00:00','',1,'2014-07-27 08:43:26','2014-07-27 08:43:26'),(14,1,'Blenda','cash','18000.00','2014-07-04 00:00:00','',1,'2014-07-27 08:44:06','2014-07-27 08:44:52'),(15,1,'Tite','cash','15000.00','2014-07-02 00:00:00','',1,'2014-07-28 09:26:24','2014-07-28 09:26:24');
/*!40000 ALTER TABLE `g56_expenditures` ENABLE KEYS */;
UNLOCK TABLES;

--
-- Table structure for table `g56_images`
--

DROP TABLE IF EXISTS `g56_images`;
/*!40101 SET @saved_cs_client     = @@character_set_client */;
/*!40101 SET character_set_client = utf8 */;
CREATE TABLE `g56_images` (
  `id` int(10) unsigned NOT NULL AUTO_INCREMENT,
  `brands_id` int(11) NOT NULL,
  `products_id` int(11) NOT NULL,
  `name` int(11) NOT NULL,
  `deleted_at` timestamp NULL DEFAULT NULL,
  `created_at` timestamp NOT NULL DEFAULT '0000-00-00 00:00:00',
  `updated_at` timestamp NOT NULL DEFAULT '0000-00-00 00:00:00',
  PRIMARY KEY (`id`)
) ENGINE=InnoDB DEFAULT CHARSET=utf8 COLLATE=utf8_unicode_ci;
/*!40101 SET character_set_client = @saved_cs_client */;

--
-- Dumping data for table `g56_images`
--

LOCK TABLES `g56_images` WRITE;
/*!40000 ALTER TABLE `g56_images` DISABLE KEYS */;
/*!40000 ALTER TABLE `g56_images` ENABLE KEYS */;
UNLOCK TABLES;

--
-- Table structure for table `g56_menus`
--

DROP TABLE IF EXISTS `g56_menus`;
/*!40101 SET @saved_cs_client     = @@character_set_client */;
/*!40101 SET character_set_client = utf8 */;
CREATE TABLE `g56_menus` (
  `id` int(10) unsigned NOT NULL AUTO_INCREMENT,
  `name` varchar(255) COLLATE utf8_unicode_ci NOT NULL,
  `active` int(11) NOT NULL DEFAULT '1',
  `urlname` varchar(255) COLLATE utf8_unicode_ci NOT NULL,
  `deleted_at` timestamp NULL DEFAULT NULL,
  `created_at` timestamp NOT NULL DEFAULT '0000-00-00 00:00:00',
  `updated_at` timestamp NOT NULL DEFAULT '0000-00-00 00:00:00',
  PRIMARY KEY (`id`)
) ENGINE=InnoDB AUTO_INCREMENT=3 DEFAULT CHARSET=utf8 COLLATE=utf8_unicode_ci;
/*!40101 SET character_set_client = @saved_cs_client */;

--
-- Dumping data for table `g56_menus`
--

LOCK TABLES `g56_menus` WRITE;
/*!40000 ALTER TABLE `g56_menus` DISABLE KEYS */;
INSERT INTO `g56_menus` VALUES (1,'Dashboard',1,'admindashboard',NULL,'2013-10-16 17:57:00','2013-10-16 17:57:00'),(2,'Stock',1,'adminstock',NULL,'2013-10-16 17:57:00','2013-10-16 17:57:00');
/*!40000 ALTER TABLE `g56_menus` ENABLE KEYS */;
UNLOCK TABLES;

--
-- Table structure for table `g56_messages`
--

DROP TABLE IF EXISTS `g56_messages`;
/*!40101 SET @saved_cs_client     = @@character_set_client */;
/*!40101 SET character_set_client = utf8 */;
CREATE TABLE `g56_messages` (
  `id` int(10) unsigned NOT NULL AUTO_INCREMENT,
  `from` int(11) NOT NULL,
  `to` int(11) NOT NULL,
  `type` tinyint(1) NOT NULL,
  `subject` varchar(255) COLLATE utf8_unicode_ci NOT NULL,
  `body` text COLLATE utf8_unicode_ci NOT NULL,
  `checked` tinyint(1) NOT NULL DEFAULT '0',
  `created_at` timestamp NOT NULL DEFAULT '0000-00-00 00:00:00',
  `updated_at` timestamp NOT NULL DEFAULT '0000-00-00 00:00:00',
  PRIMARY KEY (`id`)
) ENGINE=InnoDB AUTO_INCREMENT=10 DEFAULT CHARSET=utf8 COLLATE=utf8_unicode_ci;
/*!40101 SET character_set_client = @saved_cs_client */;

--
-- Dumping data for table `g56_messages`
--

LOCK TABLES `g56_messages` WRITE;
/*!40000 ALTER TABLE `g56_messages` DISABLE KEYS */;
INSERT INTO `g56_messages` VALUES (1,1,2,1,'Check the message of all...','Check the message of all the things to do what do you think',1,'2013-10-09 08:50:44','2013-10-10 21:49:56'),(2,1,2,1,'What is the major busine...','What is the major business with all php developers.. You need to check the main message of the Products if they\'ll be going according to plan.. Thanks and later.',0,'2013-10-10 21:34:14','2013-10-10 21:34:14'),(3,1,2,1,'Is this really going to ...','Is this really going to happen to them later?',0,'2013-10-18 20:45:53','2013-10-18 20:45:53'),(4,1,1,1,'How are you today.. Just...','How are you today.. Just  doing testing..',1,'2013-12-05 14:56:48','2013-12-10 15:04:33'),(5,1,2,1,'New message to jones...','New message to jones',0,'2013-12-05 15:11:16','2013-12-05 15:11:16'),(6,1,2,1,'Conike.. Tha nks...','Conike.. Tha nks',0,'2013-12-22 22:42:17','2013-12-22 22:42:17'),(7,1,3,1,'hope it;s wokinf...','hope it;s wokinf',1,'2013-12-22 22:43:16','2014-01-26 01:01:45'),(8,1,1,1,'To myself...','To myself',1,'2014-01-23 13:33:55','2014-01-23 13:47:10'),(9,1,1,1,'Another one to myself\n...','Another one to myself\n',1,'2014-01-23 13:49:19','2014-01-25 11:39:10');
/*!40000 ALTER TABLE `g56_messages` ENABLE KEYS */;
UNLOCK TABLES;

--
-- Table structure for table `g56_migrations`
--

DROP TABLE IF EXISTS `g56_migrations`;
/*!40101 SET @saved_cs_client     = @@character_set_client */;
/*!40101 SET character_set_client = utf8 */;
CREATE TABLE `g56_migrations` (
  `migration` varchar(255) COLLATE utf8_unicode_ci NOT NULL,
  `batch` int(11) NOT NULL
) ENGINE=InnoDB DEFAULT CHARSET=utf8 COLLATE=utf8_unicode_ci;
/*!40101 SET character_set_client = @saved_cs_client */;

--
-- Dumping data for table `g56_migrations`
--

LOCK TABLES `g56_migrations` WRITE;
/*!40000 ALTER TABLE `g56_migrations` DISABLE KEYS */;
INSERT INTO `g56_migrations` VALUES ('2013_08_23_053845_create_users_table',1),('2013_08_23_220927_create_brands_table',1),('2013_08_23_225449_create_menus_table',1),('2013_08_24_142417_create_productcategories_table',1),('2013_08_24_142630_create_products_table',1),('2013_08_24_142912_create_usersprofile_table',1),('2013_08_24_143243_create_customers_table',1),('2013_08_24_143427_create_receipts_table',1),('2013_08_29_123811_create_images_table',1),('2013_09_07_051101_create_record_missingproducts_table',1),('2013_09_16_204254_create_stock_logs_table',1),('2013_09_22_173218_create_sale_logs_table',1),('2013_09_24_171601_create_customer_logs_table',1),('2013_09_26_100455_create_users_activities_table',1),('2013_10_03_151138_create_modes_table',1),('2013_10_08_175448_create_systemsettings_table',2),('2013_10_09_002253_create_alerts_table',3),('2013_10_09_065421_create_messages_table',4),('2013_10_16_162031_create_roles_table',5),('2013_10_16_162638_create_role_user_table',5),('2013_12_04_174110_create_paymentdetails_table',6),('2014_02_09_175728_create_bankentries_table',7),('2014_05_04_171318_create_expenditures_table',8),('2014_05_21_164241_create_vendors_table',9);
/*!40000 ALTER TABLE `g56_migrations` ENABLE KEYS */;
UNLOCK TABLES;

--
-- Table structure for table `g56_modes`
--

DROP TABLE IF EXISTS `g56_modes`;
/*!40101 SET @saved_cs_client     = @@character_set_client */;
/*!40101 SET character_set_client = utf8 */;
CREATE TABLE `g56_modes` (
  `id` int(10) unsigned NOT NULL AUTO_INCREMENT,
  `name` varchar(255) COLLATE utf8_unicode_ci NOT NULL,
  `status` int(11) NOT NULL,
  `created_at` timestamp NOT NULL DEFAULT '0000-00-00 00:00:00',
  `updated_at` timestamp NOT NULL DEFAULT '0000-00-00 00:00:00',
  PRIMARY KEY (`id`)
) ENGINE=InnoDB AUTO_INCREMENT=5 DEFAULT CHARSET=utf8 COLLATE=utf8_unicode_ci;
/*!40101 SET character_set_client = @saved_cs_client */;

--
-- Dumping data for table `g56_modes`
--

LOCK TABLES `g56_modes` WRITE;
/*!40000 ALTER TABLE `g56_modes` DISABLE KEYS */;
INSERT INTO `g56_modes` VALUES (1,'retail',1,'2013-10-08 17:12:21','2013-10-08 17:12:21'),(2,'wholesale',1,'2013-10-08 17:12:21','2013-10-08 17:12:21'),(3,'distributor',0,'2013-10-08 17:12:21','2013-10-08 17:12:21'),(4,'majordistributor',0,'2013-10-08 17:12:21','2013-10-08 17:12:21');
/*!40000 ALTER TABLE `g56_modes` ENABLE KEYS */;
UNLOCK TABLES;

--
-- Table structure for table `g56_paymentdetails`
--

DROP TABLE IF EXISTS `g56_paymentdetails`;
/*!40101 SET @saved_cs_client     = @@character_set_client */;
/*!40101 SET character_set_client = utf8 */;
CREATE TABLE `g56_paymentdetails` (
  `id` int(10) unsigned NOT NULL AUTO_INCREMENT,
  `receipt_id` int(11) NOT NULL,
  `method` varchar(255) COLLATE utf8_unicode_ci NOT NULL,
  `amount` varchar(255) COLLATE utf8_unicode_ci NOT NULL,
  `reference` varchar(255) COLLATE utf8_unicode_ci NOT NULL,
  `created_at` timestamp NOT NULL DEFAULT '0000-00-00 00:00:00',
  `updated_at` timestamp NOT NULL DEFAULT '0000-00-00 00:00:00',
  PRIMARY KEY (`id`)
) ENGINE=InnoDB AUTO_INCREMENT=110 DEFAULT CHARSET=utf8 COLLATE=utf8_unicode_ci;
/*!40101 SET character_set_client = @saved_cs_client */;

--
-- Dumping data for table `g56_paymentdetails`
--

LOCK TABLES `g56_paymentdetails` WRITE;
/*!40000 ALTER TABLE `g56_paymentdetails` DISABLE KEYS */;
INSERT INTO `g56_paymentdetails` VALUES (34,51,'Cash','196','','2013-12-16 22:23:41','2013-12-16 22:23:41'),(35,52,'Cash','72196','','2013-12-16 22:25:41','2013-12-16 22:25:41'),(36,53,'Cash','75450.2','','2013-12-16 22:37:32','2013-12-16 22:37:32'),(37,54,'Cash','72000','','2013-12-18 05:36:38','2013-12-18 05:36:38'),(38,55,'Cash','72000','','2013-12-18 05:37:54','2013-12-18 05:37:54'),(39,56,'Cash','8840','Paid with cash','2013-12-25 18:46:05','2013-12-25 18:46:05'),(40,56,'Creditcard','70500','Paid with cash','2013-12-25 18:46:05','2013-12-25 18:46:05'),(41,57,'Cash','8840','Paid with cash','2013-12-25 18:46:08','2013-12-25 18:46:08'),(42,57,'Creditcard','70500','Paid with cash','2013-12-25 18:46:08','2013-12-25 18:46:08'),(43,58,'Cash','8840','Paid with cash','2013-12-25 18:46:10','2013-12-25 18:46:10'),(44,58,'Creditcard','70500','Paid with cash','2013-12-25 18:46:10','2013-12-25 18:46:10'),(45,59,'Cash','196','','2013-12-25 20:29:28','2013-12-25 20:29:28'),(46,60,'Cash','96','','2013-12-25 20:30:56','2013-12-25 20:30:56'),(47,60,'Cash','2500','','2013-12-25 20:30:57','2013-12-25 20:30:57'),(48,61,'Cash','1296196','','2013-12-25 20:31:37','2013-12-25 20:31:37'),(49,62,'Cash','360277.3','','2014-01-16 19:48:36','2014-01-16 19:48:36'),(50,63,'Cash','332770.6','','2014-01-18 08:18:07','2014-01-18 08:18:07'),(51,64,'Cash','1386.5','','2014-01-23 12:00:20','2014-01-23 12:00:20'),(52,65,'Cash','2774','','2014-01-23 13:57:23','2014-01-23 13:57:23'),(53,66,'Cash','100000','','2014-01-31 20:44:03','2014-01-31 20:44:03'),(54,66,'Creditcard','82590.36','','2014-01-31 20:44:03','2014-01-31 20:44:03'),(55,67,'Cash','100000','','2014-01-31 20:44:05','2014-01-31 20:44:05'),(56,67,'Creditcard','82590.36','','2014-01-31 20:44:05','2014-01-31 20:44:05'),(57,68,'Cash','100000','','2014-01-31 20:44:10','2014-01-31 20:44:10'),(58,68,'Creditcard','82590.36','','2014-01-31 20:44:11','2014-01-31 20:44:11'),(59,69,'Cash','1425','','2014-02-07 16:43:57','2014-02-07 16:43:57'),(60,70,'Cash','1425','','2014-02-07 16:47:19','2014-02-07 16:47:19'),(61,71,'Cash','1425','','2014-02-07 16:53:27','2014-02-07 16:53:27'),(62,72,'Cash','1425','','2014-02-07 16:59:23','2014-02-07 16:59:23'),(63,73,'Pos','1400','','2014-04-27 07:26:27','2014-04-27 07:26:27'),(64,74,'Pos','1400','','2014-04-27 07:26:29','2014-04-27 07:26:29'),(65,75,'Cash','100','','2014-04-27 07:41:36','2014-04-27 07:41:36'),(66,75,'Pos','200','','2014-04-27 07:41:36','2014-04-27 07:41:36'),(67,76,'Cash','35200','','2014-04-27 12:40:00','2014-04-27 12:40:00'),(68,77,'Cash','4900','','2014-04-27 12:48:38','2014-04-27 12:48:38'),(69,78,'Cash','600','','2014-04-27 12:49:27','2014-04-27 12:49:27'),(70,79,'Cash','28600','','2014-04-27 14:52:17','2014-04-27 14:52:17'),(71,80,'Cash','28600','','2014-04-27 14:52:19','2014-04-27 14:52:19'),(72,81,'Cash','28600','','2014-04-27 14:52:22','2014-04-27 14:52:22'),(73,82,'Cash','600','','2014-05-01 19:25:07','2014-05-01 19:25:07'),(74,83,'Cash','9300','','2014-05-01 20:52:45','2014-05-01 20:52:45'),(75,84,'Cash','800','','2014-05-02 09:22:33','2014-05-02 09:22:33'),(76,85,'Cash','300','','2014-05-02 09:30:46','2014-05-02 09:30:46'),(77,86,'Cash','600','','2014-05-02 09:40:13','2014-05-02 09:40:13'),(78,87,'Cash','600','','2014-05-02 10:11:54','2014-05-02 10:11:54'),(79,88,'Check','415000','','2014-05-02 11:11:36','2014-05-02 11:11:36'),(80,89,'Cash','298800','','2014-05-02 11:56:33','2014-05-02 11:56:33'),(81,90,'Cash','22410','','2014-05-02 12:43:58','2014-05-02 12:43:58'),(82,91,'Cash','12000','','2014-05-04 11:46:35','2014-05-04 11:46:35'),(83,92,'Cash','36000','','2014-05-04 13:16:45','2014-05-04 13:16:45'),(84,93,'Cash','1300','','2014-05-20 09:46:38','2014-05-20 09:46:38'),(85,94,'Cash','137500','','2014-06-03 22:00:23','2014-06-03 22:00:23'),(86,95,'Cash','174000','','2014-06-03 22:10:54','2014-06-03 22:10:54'),(87,96,'Cash','15000','','2014-07-26 08:38:12','2014-07-26 08:38:12'),(88,97,'Cash','2500','','2014-07-26 09:21:01','2014-07-26 09:21:01'),(89,98,'Cash','2000','','2014-07-26 18:21:32','2014-07-26 18:21:32'),(90,99,'Cash','2000','','2014-07-26 18:24:45','2014-07-26 18:24:45'),(91,100,'Cash','2000','','2014-07-26 18:36:06','2014-07-26 18:36:06'),(92,101,'Cash','2000','','2014-07-26 18:39:48','2014-07-26 18:39:48'),(93,103,'Cash','2000','','2014-07-26 18:48:29','2014-07-26 18:48:29'),(94,104,'Cash','2000','','2014-07-26 18:50:42','2014-07-26 18:50:42'),(95,105,'Cash','46400','','2014-07-26 20:33:55','2014-07-26 20:33:55'),(96,106,'Cash','30000','','2014-07-27 09:10:55','2014-07-27 09:10:55'),(97,107,'Cash','2000','','2014-07-28 12:02:51','2014-07-28 12:02:51'),(98,108,'Cash','2000','','2014-07-28 12:09:21','2014-07-28 12:09:21'),(99,109,'Cash','2000','','2014-07-28 12:44:22','2014-07-28 12:44:22'),(100,110,'Cash','20138.6','','2014-07-29 21:57:44','2014-07-29 21:57:44'),(101,111,'Cash','19500','','2014-07-29 22:10:50','2014-07-29 22:10:50'),(102,112,'Cash','1300','','2014-07-29 22:17:18','2014-07-29 22:17:18'),(103,113,'Cash','650','','2014-07-29 22:20:53','2014-07-29 22:20:53'),(104,114,'Cash','130','','2014-07-29 22:22:05','2014-07-29 22:22:05'),(105,115,'Cash','1600','','2014-07-29 22:37:22','2014-07-29 22:37:22'),(106,116,'Cash','1700','','2014-07-29 22:38:25','2014-07-29 22:38:25'),(107,117,'Cash','800','','2014-07-30 08:46:50','2014-07-30 08:46:50'),(108,118,'Cash','2800','','2014-08-07 20:04:07','2014-08-07 20:04:07'),(109,119,'Cash','33500','','2014-08-07 20:05:43','2014-08-07 20:05:43');
/*!40000 ALTER TABLE `g56_paymentdetails` ENABLE KEYS */;
UNLOCK TABLES;

--
-- Table structure for table `g56_productcategories`
--

DROP TABLE IF EXISTS `g56_productcategories`;
/*!40101 SET @saved_cs_client     = @@character_set_client */;
/*!40101 SET character_set_client = utf8 */;
CREATE TABLE `g56_productcategories` (
  `id` int(10) unsigned NOT NULL AUTO_INCREMENT,
  `type` varchar(9) COLLATE utf8_unicode_ci NOT NULL DEFAULT 'product',
  `brand_id` int(11) NOT NULL,
  `name` varchar(255) COLLATE utf8_unicode_ci NOT NULL,
  `published` tinyint(1) NOT NULL DEFAULT '0',
  `deleted_at` timestamp NULL DEFAULT NULL,
  `created_at` timestamp NOT NULL DEFAULT '0000-00-00 00:00:00',
  `updated_at` timestamp NOT NULL DEFAULT '0000-00-00 00:00:00',
  PRIMARY KEY (`id`)
) ENGINE=InnoDB AUTO_INCREMENT=29 DEFAULT CHARSET=utf8 COLLATE=utf8_unicode_ci;
/*!40101 SET character_set_client = @saved_cs_client */;

--
-- Dumping data for table `g56_productcategories`
--

LOCK TABLES `g56_productcategories` WRITE;
/*!40000 ALTER TABLE `g56_productcategories` DISABLE KEYS */;
INSERT INTO `g56_productcategories` VALUES (19,'product',4,'lipstick',1,NULL,'2014-01-31 20:36:40','2014-01-31 21:00:05'),(20,'product',4,'niger raw',1,NULL,'2014-05-18 18:48:42','2014-08-01 07:31:03'),(25,'service',9,'demo2',1,NULL,'2014-05-26 06:49:15','2014-07-26 08:25:22'),(26,'service',9,'demo3',0,NULL,'2014-05-26 06:49:16','2014-07-26 08:24:42'),(27,'service',4,'home services',1,NULL,'2014-05-26 06:56:48','2014-05-26 12:29:02'),(28,'service',6,'matte mekeup',0,NULL,'2014-06-05 07:47:05','2014-06-05 07:47:05');
/*!40000 ALTER TABLE `g56_productcategories` ENABLE KEYS */;
UNLOCK TABLES;

--
-- Table structure for table `g56_products`
--

DROP TABLE IF EXISTS `g56_products`;
/*!40101 SET @saved_cs_client     = @@character_set_client */;
/*!40101 SET character_set_client = utf8 */;
CREATE TABLE `g56_products` (
  `id` int(10) unsigned NOT NULL AUTO_INCREMENT,
  `productcat_id` int(11) NOT NULL,
  `brand_id` int(11) NOT NULL,
  `barcodeid` varchar(50) COLLATE utf8_unicode_ci NOT NULL,
  `name` varchar(255) COLLATE utf8_unicode_ci NOT NULL,
  `quantity` int(11) NOT NULL,
  `almost_finished` int(11) NOT NULL DEFAULT '0',
  `costprice` decimal(19,4) NOT NULL DEFAULT '0.0000',
  `retail_price` decimal(19,4) NOT NULL DEFAULT '0.0000',
  `retail_discount` int(11) NOT NULL,
  `retail_discountedprice` decimal(19,4) NOT NULL DEFAULT '0.0000',
  `retail_totalprice` decimal(19,4) NOT NULL DEFAULT '0.0000',
  `wholesale_price` decimal(19,4) NOT NULL,
  `wholesale_discount` int(11) NOT NULL,
  `wholesale_discountedprice` decimal(19,4) NOT NULL DEFAULT '0.0000',
  `wholesale_totalprice` decimal(19,4) NOT NULL DEFAULT '0.0000',
  `distributor_price` decimal(19,4) NOT NULL DEFAULT '0.0000',
  `distributor_discount` int(11) NOT NULL,
  `distributor_discountedprice` decimal(19,4) NOT NULL DEFAULT '0.0000',
  `distributor_totalprice` decimal(19,4) DEFAULT '0.0000',
  `majordistributor_price` decimal(19,4) NOT NULL DEFAULT '0.0000',
  `majordistributor_discount` int(11) NOT NULL,
  `majordistributor_discountedprice` decimal(19,4) NOT NULL DEFAULT '0.0000',
  `majordistributor_totalprice` decimal(19,4) NOT NULL DEFAULT '0.0000',
  `published` tinyint(1) NOT NULL DEFAULT '0',
  `deleted_at` timestamp NULL DEFAULT NULL,
  `created_at` timestamp NOT NULL DEFAULT '0000-00-00 00:00:00',
  `updated_at` timestamp NOT NULL DEFAULT '0000-00-00 00:00:00',
  PRIMARY KEY (`id`)
) ENGINE=InnoDB AUTO_INCREMENT=67 DEFAULT CHARSET=utf8 COLLATE=utf8_unicode_ci;
/*!40101 SET character_set_client = @saved_cs_client */;

--
-- Dumping data for table `g56_products`
--

LOCK TABLES `g56_products` WRITE;
/*!40000 ALTER TABLE `g56_products` DISABLE KEYS */;
INSERT INTO `g56_products` VALUES (52,19,4,'5214263515217','bronze juice',11,0,800.0000,1089.0000,0,0.0000,11979.0000,0.0000,0,0.0000,0.0000,0.0000,0,0.0000,0.0000,0.0000,0,0.0000,0.0000,1,NULL,'2014-05-07 11:41:44','2014-07-31 06:24:51'),(53,19,4,'5055060925690','denim',196,0,200.0000,1500.0000,0,0.0000,294000.0000,0.0000,0,0.0000,0.0000,0.0000,0,0.0000,0.0000,0.0000,0,0.0000,0.0000,1,NULL,'2014-05-07 11:41:44','2014-08-07 20:04:08'),(54,19,4,'4012927051122','scresh',79,0,50.0000,1300.0000,0,0.0000,102700.0000,0.0000,0,0.0000,0.0000,0.0000,0,0.0000,0.0000,0.0000,0,0.0000,0.0000,1,NULL,'2014-05-07 11:41:44','2014-08-07 20:04:08'),(55,19,4,'5055060925003','simb',60,0,50.0000,100.0000,0,0.0000,6000.0000,600.0000,0,0.0000,36000.0000,0.0000,0,0.0000,0.0000,0.0000,0,0.0000,0.0000,1,NULL,'2014-05-07 11:41:44','2014-07-31 06:33:28'),(56,20,4,'','danzd',1,0,0.0000,2934.0000,0,0.0000,2934.0000,0.0000,0,0.0000,0.0000,0.0000,0,0.0000,0.0000,0.0000,0,0.0000,0.0000,1,NULL,'2014-05-18 18:49:35','2014-08-01 23:15:11'),(61,19,4,'empty','god of war 3',80,5,5000.0000,11000.0000,10,9900.0000,792000.0000,12000.0000,5,11400.0000,912000.0000,0.0000,0,0.0000,0.0000,0.0000,0,0.0000,0.0000,1,NULL,'2014-05-18 20:35:14','2014-08-14 16:43:33'),(62,19,4,'711719133940','killzone 3 ps3',10,5,2000.0000,10000.0000,0,0.0000,100000.0000,15500.0000,2,15190.0000,151900.0000,0.0000,0,0.0000,0.0000,0.0000,0,0.0000,0.0000,1,NULL,'2014-05-18 20:35:15','2014-08-07 23:46:59'),(63,27,4,'','hair',0,0,0.0000,20000.0000,0,20000.0000,20000.0000,0.0000,0,0.0000,0.0000,0.0000,0,0.0000,0.0000,0.0000,0,0.0000,0.0000,1,NULL,'2014-05-26 11:52:40','2014-08-01 05:03:51'),(64,27,4,'','barbinx',0,0,0.0000,20038.0000,10,18034.2000,18034.2000,0.0000,0,0.0000,0.0000,0.0000,0,0.0000,0.0000,0.0000,0,0.0000,0.0000,1,NULL,'2014-05-26 11:52:40','2014-08-01 06:52:50'),(65,25,9,'','hair grooming',0,0,0.0000,2000.0000,0,0.0000,-27400.0000,0.0000,0,0.0000,0.0000,0.0000,0,0.0000,0.0000,0.0000,0,0.0000,0.0000,1,NULL,'2014-07-26 08:25:01','2014-08-07 20:05:44'),(66,27,4,'','nail painting',0,0,0.0000,9238.0000,10,8314.2000,8314.2000,0.0000,0,0.0000,0.0000,0.0000,0,0.0000,0.0000,0.0000,0,0.0000,0.0000,1,NULL,'2014-08-01 06:54:05','2014-08-01 06:54:52');
/*!40000 ALTER TABLE `g56_products` ENABLE KEYS */;
UNLOCK TABLES;

--
-- Table structure for table `g56_receipts`
--

DROP TABLE IF EXISTS `g56_receipts`;
/*!40101 SET @saved_cs_client     = @@character_set_client */;
/*!40101 SET character_set_client = utf8 */;
CREATE TABLE `g56_receipts` (
  `id` int(10) unsigned NOT NULL AUTO_INCREMENT,
  `customer_id` int(11) NOT NULL,
  `user_id` int(11) NOT NULL,
  `receipt_worth` varchar(50) COLLATE utf8_unicode_ci NOT NULL,
  `vat` varchar(50) COLLATE utf8_unicode_ci NOT NULL,
  `vat_worth` varchar(50) COLLATE utf8_unicode_ci NOT NULL,
  `receipt_subtotalamount` varchar(50) COLLATE utf8_unicode_ci NOT NULL,
  `amount_tendered` varchar(100) COLLATE utf8_unicode_ci NOT NULL DEFAULT '0.00',
  `change` varchar(100) COLLATE utf8_unicode_ci NOT NULL DEFAULT '0.00',
  `created_at` timestamp NOT NULL DEFAULT '0000-00-00 00:00:00',
  `updated_at` timestamp NOT NULL DEFAULT '0000-00-00 00:00:00',
  PRIMARY KEY (`id`)
) ENGINE=InnoDB AUTO_INCREMENT=120 DEFAULT CHARSET=utf8 COLLATE=utf8_unicode_ci;
/*!40101 SET character_set_client = @saved_cs_client */;

--
-- Dumping data for table `g56_receipts`
--

LOCK TABLES `g56_receipts` WRITE;
/*!40000 ALTER TABLE `g56_receipts` DISABLE KEYS */;
INSERT INTO `g56_receipts` VALUES (51,0,1,'196','0','0','196','196','0','2013-11-16 22:23:41','2013-12-16 22:23:41'),(52,2,1,'72196','0','0','72196','72196','0','2013-12-16 22:25:40','2013-12-16 22:25:40'),(53,0,1,'75450.2','0','0','75450.2','75450.2','0','2013-12-16 22:37:31','2013-12-16 22:37:31'),(54,0,1,'72000','0','0','72000','72000','0','2013-12-18 05:36:38','2013-12-18 05:36:38'),(55,0,1,'72000','0','0','72000','72000','0','2013-12-18 05:37:54','2013-12-18 05:37:54'),(56,2,1,'78840','0','0','78840','79340','500','2013-12-25 18:46:05','2013-12-25 18:46:05'),(57,2,1,'78840','0','0','78840','79340','500','2013-12-25 18:46:08','2013-12-25 18:46:08'),(58,2,1,'78840','0','0','78840','79340','500','2013-12-25 18:46:10','2013-12-25 18:46:10'),(59,0,1,'196','0','0','196','196','0','2013-12-25 20:29:28','2013-12-25 20:29:28'),(60,2,1,'2096','0','0','2096','2596','500','2013-12-25 20:30:56','2013-12-25 20:30:56'),(61,0,1,'1296196','0','0','1296196','1296196','0','2013-12-25 20:31:36','2013-12-25 20:31:36'),(62,2,1,'360277.3','0','0','360277.3','360277.3','0','2014-01-16 19:48:35','2014-01-16 19:48:35'),(63,2,1,'332770.6','0','0','332770.6','332770.6','0','2014-01-18 08:18:07','2014-01-18 08:18:07'),(64,0,1,'1386.5','0','0','1386.5','1386.5','0','2014-01-23 12:00:20','2014-01-23 12:00:20'),(65,2,3,'2774','0','0','2774','2774','0','2014-01-23 13:57:23','2014-01-23 13:57:23'),(66,0,1,'182586.36','0','0','182586.36','182590.36','4','2014-01-31 20:44:02','2014-01-31 20:44:02'),(67,0,1,'182586.36','0','0','182586.36','182590.36','4','2014-01-31 20:44:05','2014-01-31 20:44:05'),(68,0,1,'182586.36','0','0','182586.36','182590.36','4','2014-01-31 20:44:10','2014-01-31 20:44:10'),(69,2,1,'1425','0','0','1425','1425','0','2014-02-07 16:43:56','2014-02-07 16:43:56'),(70,2,1,'1425','0','0','1425','1425','0','2014-02-07 16:47:18','2014-02-07 16:47:18'),(71,2,1,'1425','0','0','1425','1425','0','2014-02-07 16:53:26','2014-02-07 16:53:26'),(72,2,1,'1425','0','0','1425','1425','0','2014-02-07 16:59:22','2014-02-07 16:59:22'),(73,5,1,'1400','0','0','1400','1400','0','2014-04-27 07:26:26','2014-04-27 07:26:26'),(74,5,1,'1400','0','0','1400','1400','0','2014-04-27 07:26:29','2014-04-27 07:26:29'),(75,0,1,'300','0','0','300','300','0','2014-04-27 07:41:36','2014-04-27 07:41:36'),(76,0,1,'35200','0','0','35200','35200','0','2014-04-27 12:40:00','2014-04-27 12:40:00'),(77,0,1,'4900','0','0','4900','4900','0','2014-04-27 12:48:38','2014-04-27 12:48:38'),(78,0,1,'600','0','0','600','600','0','2014-04-27 12:49:27','2014-04-27 12:49:27'),(79,5,1,'28600','0','0','28600','28600','0','2014-04-27 14:52:17','2014-04-27 14:52:17'),(80,5,1,'28600','0','0','28600','28600','0','2014-04-27 14:52:18','2014-04-27 14:52:18'),(81,5,1,'28600','0','0','28600','28600','0','2014-04-27 14:52:21','2014-04-27 14:52:21'),(82,0,1,'600','0','0','600','600','0','2014-05-01 19:25:06','2014-05-01 19:25:06'),(83,5,1,'9300','0','0','9300','9300','0','2014-05-01 20:52:45','2014-05-01 20:52:45'),(85,5,1,'300','0','0','300','300','0','2014-05-02 09:30:46','2014-05-02 09:30:46'),(86,0,1,'600','0','0','600','600','0','2014-05-02 09:40:13','2014-05-02 09:40:13'),(87,0,1,'600','0','0','600','600','0','2014-05-02 10:11:54','2014-05-02 10:11:54'),(88,0,1,'415000','0','0','415000','415000','0','2014-05-02 11:11:36','2014-05-02 11:11:36'),(89,0,1,'298800','0','0','298800','298800','0','2014-05-02 11:56:33','2014-05-02 11:56:33'),(90,0,1,'22410','0','0','22410','22410','0','2014-05-02 12:43:57','2014-05-02 12:43:57'),(91,5,1,'12000','0','0','12000','12000','0','2014-05-04 11:46:35','2014-05-04 11:46:35'),(92,3,3,'36000','0','0','36000','36000','0','2014-05-04 13:16:45','2014-05-04 13:16:45'),(93,0,1,'1300','0','0','1300','1300','0','2014-05-20 09:46:37','2014-05-20 09:46:37'),(94,5,1,'137200','0','0','137200','137500','300','2014-06-03 22:00:23','2014-06-03 22:00:23'),(95,5,1,'173200','0','0','173200','174000','800','2014-06-03 22:10:54','2014-06-03 22:10:54'),(96,0,1,'15000','0','0','15000','15000','0','2014-07-26 08:38:11','2014-07-26 08:38:11'),(97,0,1,'2000','0','0','2000','2500','500','2014-07-26 09:21:00','2014-07-26 09:21:00'),(98,0,1,'2000','0','0','2000','2000','0','2014-07-26 18:21:32','2014-07-26 18:21:32'),(99,0,1,'2000','0','0','2000','2000','0','2014-07-26 18:24:44','2014-07-26 18:24:44'),(100,0,1,'2000','0','0','2000','2000','0','2014-07-26 18:36:06','2014-07-26 18:36:06'),(101,0,1,'2000','0','0','2000','2000','0','2014-07-26 18:39:48','2014-07-26 18:39:48'),(102,0,1,'0','0','0','0','0','0','2014-07-26 18:41:27','2014-07-26 18:41:27'),(103,0,1,'2000','0','0','2000','2000','0','2014-07-26 18:48:29','2014-07-26 18:48:29'),(104,0,1,'2000','0','0','2000','2000','0','2014-07-26 18:50:42','2014-07-26 18:50:42'),(105,0,1,'46400','0','0','46400','46400','0','2014-07-26 20:33:55','2014-07-26 20:33:55'),(106,0,1,'30000','0','0','30000','30000','0','2014-07-27 09:10:55','2014-07-27 09:10:55'),(107,0,1,'2000','0','0','2000','2000','0','2014-07-28 12:02:51','2014-07-28 12:02:51'),(108,0,1,'2000','0','0','2000','2000','0','2014-07-28 12:09:21','2014-07-28 12:09:21'),(109,0,1,'2000','0','0','2000','2000','0','2014-07-28 12:44:22','2014-07-28 12:44:22'),(110,0,1,'20038.6','0','0','20038.6','20138.6','100','2014-07-29 21:57:44','2014-07-29 21:57:44'),(111,0,1,'19500','0','0','19500','19500','0','2014-07-29 22:10:50','2014-07-29 22:10:50'),(112,0,1,'1300','0','0','1300','1300','0','2014-07-29 22:17:18','2014-07-29 22:17:18'),(113,0,1,'650','0','0','650','650','0','2014-07-29 22:20:53','2014-07-29 22:20:53'),(114,0,1,'130','0','0','130','130','0','2014-07-29 22:22:05','2014-07-29 22:22:05'),(115,0,1,'1600','0','0','1600','1600','0','2014-07-29 22:37:22','2014-07-29 22:37:22'),(116,0,1,'1700','0','0','1700','1700','0','2014-07-29 22:38:25','2014-07-29 22:38:25'),(117,5,1,'800','0','0','800','800','0','2014-07-30 08:46:50','2014-07-30 08:46:50'),(118,5,2,'2800','0','0','2800','2800','0','2014-08-07 20:04:07','2014-08-07 20:04:07'),(119,3,2,'33500','0','0','33500','33500','0','2014-08-07 20:05:43','2014-08-07 20:05:43');
/*!40000 ALTER TABLE `g56_receipts` ENABLE KEYS */;
UNLOCK TABLES;

--
-- Table structure for table `g56_record_missingproducts`
--

DROP TABLE IF EXISTS `g56_record_missingproducts`;
/*!40101 SET @saved_cs_client     = @@character_set_client */;
/*!40101 SET character_set_client = utf8 */;
CREATE TABLE `g56_record_missingproducts` (
  `id` int(10) unsigned NOT NULL AUTO_INCREMENT,
  `brand_id` int(11) NOT NULL,
  `mode_id` int(11) NOT NULL,
  `productcat_id` int(11) NOT NULL,
  `product_id` int(11) NOT NULL,
  `name` varchar(255) COLLATE utf8_unicode_ci NOT NULL,
  `quantity_removed` int(11) NOT NULL,
  `total_lostprice` varchar(255) COLLATE utf8_unicode_ci NOT NULL,
  `quantity_remaining` int(11) NOT NULL,
  `total_remainingprice` varchar(255) COLLATE utf8_unicode_ci NOT NULL,
  `total_discountprice` varchar(255) COLLATE utf8_unicode_ci NOT NULL,
  `admin_name` varchar(255) COLLATE utf8_unicode_ci NOT NULL,
  `created_at` timestamp NOT NULL DEFAULT '0000-00-00 00:00:00',
  `updated_at` timestamp NOT NULL DEFAULT '0000-00-00 00:00:00',
  PRIMARY KEY (`id`)
) ENGINE=InnoDB DEFAULT CHARSET=utf8 COLLATE=utf8_unicode_ci;
/*!40101 SET character_set_client = @saved_cs_client */;

--
-- Dumping data for table `g56_record_missingproducts`
--

LOCK TABLES `g56_record_missingproducts` WRITE;
/*!40000 ALTER TABLE `g56_record_missingproducts` DISABLE KEYS */;
/*!40000 ALTER TABLE `g56_record_missingproducts` ENABLE KEYS */;
UNLOCK TABLES;

--
-- Table structure for table `g56_role_user`
--

DROP TABLE IF EXISTS `g56_role_user`;
/*!40101 SET @saved_cs_client     = @@character_set_client */;
/*!40101 SET character_set_client = utf8 */;
CREATE TABLE `g56_role_user` (
  `id` int(10) unsigned NOT NULL AUTO_INCREMENT,
  `user_id` int(11) NOT NULL,
  `role_id` int(11) NOT NULL,
  `created_at` timestamp NOT NULL DEFAULT '0000-00-00 00:00:00',
  `updated_at` timestamp NOT NULL DEFAULT '0000-00-00 00:00:00',
  PRIMARY KEY (`id`)
) ENGINE=InnoDB AUTO_INCREMENT=35 DEFAULT CHARSET=utf8 COLLATE=utf8_unicode_ci;
/*!40101 SET character_set_client = @saved_cs_client */;

--
-- Dumping data for table `g56_role_user`
--

LOCK TABLES `g56_role_user` WRITE;
/*!40000 ALTER TABLE `g56_role_user` DISABLE KEYS */;
INSERT INTO `g56_role_user` VALUES (1,1,1,'0000-00-00 00:00:00','0000-00-00 00:00:00'),(23,3,4,'0000-00-00 00:00:00','0000-00-00 00:00:00'),(25,9,4,'0000-00-00 00:00:00','0000-00-00 00:00:00'),(31,17,1,'0000-00-00 00:00:00','0000-00-00 00:00:00'),(34,2,4,'0000-00-00 00:00:00','0000-00-00 00:00:00');
/*!40000 ALTER TABLE `g56_role_user` ENABLE KEYS */;
UNLOCK TABLES;

--
-- Table structure for table `g56_roles`
--

DROP TABLE IF EXISTS `g56_roles`;
/*!40101 SET @saved_cs_client     = @@character_set_client */;
/*!40101 SET character_set_client = utf8 */;
CREATE TABLE `g56_roles` (
  `id` int(10) unsigned NOT NULL AUTO_INCREMENT,
  `name` varchar(255) COLLATE utf8_unicode_ci NOT NULL,
  PRIMARY KEY (`id`),
  UNIQUE KEY `roles_name_unique` (`name`)
) ENGINE=InnoDB AUTO_INCREMENT=5 DEFAULT CHARSET=utf8 COLLATE=utf8_unicode_ci;
/*!40101 SET character_set_client = @saved_cs_client */;

--
-- Dumping data for table `g56_roles`
--

LOCK TABLES `g56_roles` WRITE;
/*!40000 ALTER TABLE `g56_roles` DISABLE KEYS */;
INSERT INTO `g56_roles` VALUES (1,'admin'),(4,'sales'),(3,'sales manager'),(2,'stock manager');
/*!40000 ALTER TABLE `g56_roles` ENABLE KEYS */;
UNLOCK TABLES;

--
-- Table structure for table `g56_sale_logs`
--

DROP TABLE IF EXISTS `g56_sale_logs`;
/*!40101 SET @saved_cs_client     = @@character_set_client */;
/*!40101 SET character_set_client = utf8 */;
CREATE TABLE `g56_sale_logs` (
  `id` int(10) unsigned NOT NULL AUTO_INCREMENT,
  `mode_id` int(11) NOT NULL,
  `user_id` int(11) NOT NULL,
  `customer_id` int(11) NOT NULL,
  `receipt_id` int(11) NOT NULL,
  `product_id` int(11) NOT NULL,
  `product` varchar(255) COLLATE utf8_unicode_ci NOT NULL,
  `brand` varchar(255) COLLATE utf8_unicode_ci NOT NULL,
  `productcat` varchar(255) COLLATE utf8_unicode_ci NOT NULL,
  `unitprice` varchar(255) COLLATE utf8_unicode_ci NOT NULL,
  `costprice` varchar(255) COLLATE utf8_unicode_ci NOT NULL DEFAULT '0',
  `quantity` int(11) NOT NULL,
  `discount` int(11) NOT NULL,
  `total_unitprice` varchar(255) COLLATE utf8_unicode_ci NOT NULL,
  `saletime` int(11) NOT NULL,
  `created_at` timestamp NOT NULL DEFAULT '0000-00-00 00:00:00',
  `updated_at` timestamp NOT NULL DEFAULT '0000-00-00 00:00:00',
  PRIMARY KEY (`id`)
) ENGINE=InnoDB AUTO_INCREMENT=155 DEFAULT CHARSET=utf8 COLLATE=utf8_unicode_ci;
/*!40101 SET character_set_client = @saved_cs_client */;

--
-- Dumping data for table `g56_sale_logs`
--

LOCK TABLES `g56_sale_logs` WRITE;
/*!40000 ALTER TABLE `g56_sale_logs` DISABLE KEYS */;
INSERT INTO `g56_sale_logs` VALUES (49,1,0,0,51,10,'Glamour56 Makeup/Sugar','','lips','200','',1,2,'196',1387232622,'2013-12-16 22:23:42','2013-12-16 22:23:42'),(50,1,0,0,52,10,'Glamour56 Makeup/Sugar','','lips','200','',1,2,'196',1387232742,'2013-12-16 22:25:42','2013-12-16 22:25:42'),(51,1,0,0,52,3,'Glamour56 Makeup/Samsung S3','','lips','72000','',1,0,'72000',1387232742,'2013-12-16 22:25:42','2013-12-16 22:25:42'),(52,1,0,0,53,4,'Samsung S4','Glamour56 Makeup','lips','3450.2','',1,0,'3450.2',0,'2013-12-16 22:37:33','2013-12-16 22:37:33'),(53,1,0,0,53,3,'Samsung S3','Glamour56 Makeup','lips','72000','',1,0,'72000',0,'2013-12-16 22:37:33','2013-12-16 22:37:33'),(54,1,0,0,54,3,'Samsung S3','Glamour56 Makeup','lips','72000','',1,0,'72000',0,'2013-12-18 05:36:39','2013-12-18 05:36:39'),(55,1,0,0,55,3,'Samsung S3','Glamour56 Makeup','lips','72000','',1,0,'72000',0,'2013-11-18 05:37:55','2013-12-18 05:37:55'),(56,1,1,2,56,3,'Samsung S3','Glamour56 Makeup','lips','72000','',1,0,'72000',0,'2013-12-25 18:46:07','2013-12-25 18:46:07'),(57,1,1,2,56,2,'Highsine Pout Polish','Glamour56 Makeup','lips','400','',18,5,'6840',0,'2013-12-25 18:46:07','2013-12-25 18:46:07'),(58,1,1,2,57,3,'Samsung S3','Glamour56 Makeup','lips','72000','',1,0,'72000',0,'2013-12-25 18:46:09','2013-12-25 18:46:09'),(59,1,1,2,57,2,'Highsine Pout Polish','Glamour56 Makeup','lips','400','',18,5,'6840',0,'2013-12-25 18:46:09','2013-12-25 18:46:09'),(60,1,1,2,58,3,'Samsung S3','Glamour56 Makeup','lips','72000','',1,0,'72000',0,'2013-12-25 18:46:11','2013-12-25 18:46:11'),(61,1,1,2,58,2,'Highsine Pout Polish','Glamour56 Makeup','lips','400','',18,5,'6840',0,'2013-12-25 18:46:11','2013-12-25 18:46:11'),(62,1,1,0,59,10,'Sugar','Glamour56 Makeup','lips','200','',1,2,'196',0,'2013-12-25 20:29:29','2013-12-25 20:29:29'),(63,1,1,2,60,10,'Sugar','Glamour56 Makeup','lips','200','',1,2,'196',0,'2013-12-25 20:30:57','2013-12-25 20:30:57'),(64,1,1,2,60,2,'Highsine Pout Polish','Glamour56 Makeup','lips','400','',5,5,'1900',0,'2013-12-25 20:30:58','2013-12-25 20:30:58'),(65,1,1,0,61,10,'Sugar','Glamour56 Makeup','lips','200','',1,2,'196',0,'2013-12-25 20:31:38','2013-12-25 20:31:38'),(66,1,1,0,61,3,'Samsung S3','Glamour56 Makeup','lips','72000','',18,0,'1296000',0,'2013-12-25 20:31:38','2013-12-25 20:31:38'),(67,1,1,2,62,34,'Tisk','Glamour56 Makeup','lips','295','',1,6,'277.3',0,'2014-01-16 19:48:37','2014-01-16 19:48:37'),(68,1,1,2,62,3,'Samsung S3','Glamour56 Makeup','lips','72000','',5,0,'360000',0,'2014-01-16 19:48:37','2014-01-16 19:48:37'),(69,1,1,2,63,3,'Samsung S3','Glamour56 Makeup','lips','72000','',2,0,'144000',0,'2014-01-18 08:18:09','2014-01-18 08:18:09'),(70,1,1,2,63,4,'Samsung S4','Glamour56 Makeup','lips','3450.2','',3,0,'10350.6',0,'2014-01-18 08:18:09','2014-01-18 08:18:09'),(71,1,1,2,63,9,'Asus Transformer Tab','Glamour56 Makeup','lips','35000','',5,0,'175000',0,'2014-01-18 08:18:09','2014-01-18 08:18:09'),(72,1,1,2,63,2,'Highsine Pout Polish','Glamour56 Makeup','lips','400','',9,5,'3420',0,'2014-01-18 08:18:10','2014-01-18 08:18:10'),(73,1,1,0,64,34,'Tisk','Glamour56 Makeup','lips','295','',5,6,'1386.5',0,'2014-01-23 12:00:21','2014-01-23 12:00:21'),(74,1,3,2,65,8,'Brenda','Glamour56 Makeup','lips','693.5','',4,0,'2774',0,'2014-01-23 13:57:24','2014-01-23 13:57:24'),(75,1,1,0,66,34,'Tiss','Glamour56 Makeup','lips','299','',6,6,'1686.36',0,'2014-01-31 20:44:04','2014-01-31 20:44:04'),(76,2,1,0,66,34,'Tiss','Glamour56 Makeup','lips','400','',9,0,'3600',0,'2014-01-31 20:44:04','2014-01-31 20:44:04'),(77,1,1,0,66,38,'Rubywoo','Mac','lipstick','4500','',9,0,'40500',0,'2014-01-31 20:44:05','2014-01-31 20:44:05'),(78,2,1,0,66,38,'Rubywoo','Mac','lipstick','3800','',36,0,'136800',0,'2014-01-31 20:44:05','2014-01-31 20:44:05'),(79,1,1,0,67,34,'Tiss','Glamour56 Makeup','lips','299','',6,6,'1686.36',0,'2014-01-31 20:44:08','2014-01-31 20:44:08'),(80,2,1,0,67,34,'Tiss','Glamour56 Makeup','lips','400','',9,0,'3600',0,'2014-01-31 20:44:08','2014-01-31 20:44:08'),(81,1,1,0,67,38,'Rubywoo','Mac','lipstick','4500','',9,0,'40500',0,'2014-01-31 20:44:09','2014-01-31 20:44:09'),(82,2,1,0,67,38,'Rubywoo','Mac','lipstick','3800','',36,0,'136800',0,'2014-01-31 20:44:09','2014-01-31 20:44:09'),(83,1,1,0,68,34,'Tiss','Glamour56 Makeup','lips','299','',6,6,'1686.36',0,'2014-01-31 20:44:13','2014-01-31 20:44:13'),(84,2,1,0,68,34,'Tiss','Glamour56 Makeup','lips','400','',9,0,'3600',0,'2014-01-31 20:44:13','2014-01-31 20:44:13'),(85,1,1,0,68,38,'Rubywoo','Mac','lipstick','4500','',9,0,'40500',0,'2014-01-31 20:44:13','2014-01-31 20:44:13'),(86,2,1,0,68,38,'Rubywoo','Mac','lipstick','3800','',36,0,'136800',0,'2014-01-31 20:44:14','2014-01-31 20:44:14'),(87,1,1,2,70,37,'Sleek Kinky Lipgloss','Glamour56 Makeup','lips','1500','0',1,5,'1425',0,'2014-02-07 16:47:19','2014-02-07 16:47:19'),(88,1,1,2,71,37,'Sleek Kinky Lipgloss','Glamour56 Makeup','lips','1500','0',1,5,'1425',0,'2014-02-07 16:53:27','2014-02-07 16:53:27'),(89,1,1,2,72,37,'Sleek Kinky Lipgloss','Glamour56 Makeup','lips','1500','1000',1,5,'1425',0,'2014-02-07 16:59:24','2014-02-07 16:59:24'),(90,1,1,5,73,42,'Liquid Liner','Mac','lipstick','300','150',1,0,'300',0,'2014-04-27 07:26:27','2014-04-27 07:26:27'),(91,1,1,5,73,41,'Pencil','Mac','lipstick','600','100',1,0,'600',0,'2014-04-27 07:26:27','2014-04-27 07:26:27'),(92,2,1,5,73,42,'Liquid Liner','Mac','lipstick','250','150',2,0,'500',0,'2014-04-27 07:26:27','2014-04-27 07:26:27'),(93,1,1,5,74,42,'Liquid Liner','Mac','lipstick','300','150',1,0,'300',0,'2014-04-27 07:26:30','2014-04-27 07:26:30'),(94,1,1,5,74,41,'Pencil','Mac','lipstick','600','100',1,0,'600',0,'2014-04-27 07:26:31','2014-04-27 07:26:31'),(95,2,1,5,74,42,'Liquid Liner','Mac','lipstick','250','150',2,0,'500',0,'2014-04-27 07:26:31','2014-04-27 07:26:31'),(96,1,1,0,75,42,'Liquid Liner','Mac','lipstick','300','150',1,0,'300',0,'2014-04-27 07:41:36','2014-04-27 07:41:36'),(97,1,1,0,76,41,'Pencil','Mac','lipstick','600','100',1,0,'600',0,'2014-04-27 12:40:01','2014-04-27 12:40:01'),(98,1,1,0,76,40,'Fusha','Mac','lipstick','5000','3000',7,2,'34300',0,'2014-04-27 12:40:01','2014-04-27 12:40:01'),(99,2,1,0,76,41,'Pencil','Mac','lipstick','300','100',1,0,'300',0,'2014-04-27 12:40:01','2014-04-27 12:40:01'),(100,1,1,0,77,40,'Fusha','Mac','lipstick','5000','3000',1,2,'4900',0,'2014-04-27 12:48:38','2014-04-27 12:48:38'),(101,1,1,0,78,41,'Pencil','Mac','lipstick','600','100',1,0,'600',0,'2014-04-27 12:49:27','2014-04-27 12:49:27'),(102,1,1,5,79,41,'Pencil','Mac','lipstick','600','100',1,0,'600',0,'2014-04-27 14:52:18','2014-04-27 14:52:18'),(103,2,1,5,79,40,'Fusha','Mac','lipstick','3500','3000',8,0,'28000',0,'2014-04-27 14:52:18','2014-04-27 14:52:18'),(104,1,1,5,80,41,'Pencil','Mac','lipstick','600','100',1,0,'600',0,'2014-04-27 14:52:20','2014-04-27 14:52:20'),(105,2,1,5,80,40,'Fusha','Mac','lipstick','3500','3000',8,0,'28000',0,'2014-04-27 14:52:20','2014-04-27 14:52:20'),(106,1,1,5,81,41,'Pencil','Mac','lipstick','600','100',1,0,'600',0,'2014-04-27 14:52:23','2014-04-27 14:52:23'),(107,2,1,5,81,40,'Fusha','Mac','lipstick','3500','3000',8,0,'28000',0,'2014-04-27 14:52:23','2014-04-27 14:52:23'),(108,1,1,0,82,41,'Pencil','Mac','lipstick','600','100',1,0,'600',0,'2014-05-01 19:25:07','2014-05-01 19:25:07'),(109,1,1,5,83,41,'Pencil','Mac','lipstick','600','100',1,0,'600',0,'2014-05-01 20:52:46','2014-05-01 20:52:46'),(110,2,1,5,83,41,'Pencil','Mac','lipstick','300','100',1,0,'300',0,'2014-05-01 20:52:46','2014-05-01 20:52:46'),(111,2,1,5,83,40,'Fusha','Mac','lipstick','3500','3000',1,0,'3500',0,'2014-05-01 20:52:47','2014-05-01 20:52:47'),(112,1,1,5,83,40,'Fusha','Mac','lipstick','5000','3000',1,2,'4900',0,'2014-05-01 20:52:47','2014-05-01 20:52:47'),(114,1,1,5,85,42,'Liquid Liner','Mac','lipstick','300','150',1,0,'300',0,'2014-05-02 09:30:46','2014-05-02 09:30:46'),(115,1,1,0,86,41,'Pencil','Mac','lipstick','600','100',1,0,'600',0,'2014-05-02 09:40:13','2014-05-02 09:40:13'),(116,1,1,0,87,41,'Pencil','Mac','lipstick','600','100',1,0,'600',0,'2014-05-02 10:11:54','2014-05-02 10:11:54'),(117,1,1,0,88,51,'Metal Gear Solid Zero','Mac','lipstick','8300','3800',50,0,'415000',0,'2014-05-02 11:11:36','2014-05-02 11:11:36'),(118,1,1,0,89,51,'Metal Gear Solid Zero','Mac','lipstick','8300','3800',40,10,'298800',0,'2014-05-02 11:56:33','2014-05-02 11:56:33'),(119,1,1,0,90,51,'Metal Gear Solid Zero','Mac','lipstick','8300','3000',3,10,'22410',0,'2014-05-02 12:43:58','2014-05-02 12:43:58'),(120,1,1,5,91,43,'Devil May Cry','Mac','lipstick','12000','5000',1,0,'12000',0,'2014-05-04 11:46:35','2014-05-04 11:46:35'),(121,1,3,3,92,43,'Devil May Cry','Mac','lipstick','12000','5000',3,0,'36000',0,'2014-05-04 13:16:45','2014-05-04 13:16:45'),(122,1,1,0,93,54,'Scresh','Mac','lipstick','1300','50',1,0,'1300',0,'2014-05-20 09:46:41','2014-05-20 09:46:41'),(123,1,1,5,94,61,'God Of War 3','Mac','lipstick','13000','8000',6,0,'78000',0,'2014-06-03 22:00:24','2014-06-03 22:00:24'),(124,1,1,5,94,54,'Scresh','Mac','lipstick','1300','50',4,0,'5200',0,'2014-06-03 22:00:24','2014-06-03 22:00:24'),(125,1,1,5,94,62,'Killzone 3 Playstation 3','Mac','lipstick','18000','11000',3,0,'54000',0,'2014-06-03 22:00:24','2014-06-03 22:00:24'),(126,1,1,5,95,62,'Killzone 3 Playstation 3','Mac','lipstick','18000','11000',5,0,'90000',0,'2014-06-03 22:10:54','2014-06-03 22:10:54'),(127,1,1,5,95,54,'Scresh','Mac','lipstick','1300','50',4,0,'5200',0,'2014-06-03 22:10:54','2014-06-03 22:10:54'),(128,1,1,5,95,61,'God Of War 3','Mac','lipstick','13000','8000',6,0,'78000',0,'2014-06-03 22:10:54','2014-06-03 22:10:54'),(129,1,1,0,96,65,'Hair Grooming','Services','demo2','2000','0',1,0,'2000',0,'2014-07-26 08:38:12','2014-07-26 08:38:12'),(130,1,1,0,96,61,'God Of War 3','Mac','lipstick','13000','8000',1,0,'13000',0,'2014-07-26 08:38:13','2014-07-26 08:38:13'),(131,0,1,0,104,65,'Hair Grooming','Services','demo2','2000','0',1,0,'2000',0,'2014-07-26 18:50:42','2014-07-26 18:50:42'),(132,1,1,0,105,61,'God Of War 3','Mac','lipstick','13000','8000',2,0,'26000',0,'2014-07-26 20:33:55','2014-07-26 20:33:55'),(133,0,1,0,105,63,'Hair','Mac','home services','20000','0',1,8,'18400',0,'2014-07-26 20:33:55','2014-07-26 20:33:55'),(134,0,1,0,105,65,'Hair Grooming','Services','demo2','2000','0',1,0,'2000',0,'2014-07-26 20:33:55','2014-07-26 20:33:55'),(135,0,1,0,106,65,'Hair Grooming','Services','demo2','2000','0',15,0,'30000',0,'2014-07-27 09:10:55','2014-07-27 09:10:55'),(136,1,1,0,107,65,'Hair Grooming','Services','demo2','2000','0',1,0,'2000',0,'2014-07-28 12:02:51','2014-07-28 12:02:51'),(137,1,1,0,108,65,'Hair Grooming','Services','demo2','2000','0',1,0,'2000',0,'2014-07-28 12:09:21','2014-07-28 12:09:21'),(138,1,1,0,109,65,'Hair Grooming','Services','demo2','2000','0',1,0,'2000',0,'2014-07-28 12:44:23','2014-07-28 12:44:23'),(139,1,1,0,110,63,'Hair','Mac','home services','NaN','0',1,8,'18400',0,'2014-07-29 21:57:45','2014-07-29 21:57:45'),(140,1,1,0,110,55,'Simb','Mac','lipstick','NaN','50',1,61,'38.6',0,'2014-07-29 21:57:45','2014-07-29 21:57:45'),(141,1,1,0,110,54,'Scresh','Mac','lipstick','NaN','50',1,15,'1100',0,'2014-07-29 21:57:45','2014-07-29 21:57:45'),(142,1,1,0,110,53,'Denim','Mac','lipstick','NaN','200',1,66,'500',0,'2014-07-29 21:57:45','2014-07-29 21:57:45'),(143,1,1,0,111,63,'Hair','Mac','home services','1500','0',1,8,'18400',0,'2014-07-29 22:10:51','2014-07-29 22:10:51'),(144,1,1,0,111,53,'Denim','Mac','lipstick','1500','200',1,26,'1100',0,'2014-07-29 22:10:51','2014-07-29 22:10:51'),(145,1,1,0,112,65,'Hair Grooming','Services','demo2','2000','0',1,35,'1300',0,'2014-07-29 22:17:18','2014-07-29 22:17:18'),(146,1,1,0,113,54,'Scresh','Mac','lipstick','1300','50',1,50,'650',0,'2014-07-29 22:20:53','2014-07-29 22:20:53'),(147,1,1,0,114,54,'Scresh','Mac','lipstick','1300','50',1,90,'130',0,'2014-07-29 22:22:05','2014-07-29 22:22:05'),(148,1,1,0,115,65,'Hair Grooming','Services','demo2','2000','0',1,20,'1600',0,'2014-07-29 22:37:22','2014-07-29 22:37:22'),(149,1,1,0,116,65,'Hair Grooming','Services','demo2','2000','0',1,15,'1700',0,'2014-07-29 22:38:26','2014-07-29 22:38:26'),(150,1,1,5,117,65,'Hair Grooming','Services','demo2','2000','0',1,60,'800',0,'2014-07-30 08:46:51','2014-07-30 08:46:51'),(151,1,2,5,118,53,'Denim','Mac','lipstick','1300','200',1,0,'1500',0,'2014-08-07 20:04:08','2014-08-07 20:04:08'),(152,1,2,5,118,54,'Scresh','Mac','lipstick','1300','50',1,0,'1300',0,'2014-08-07 20:04:08','2014-08-07 20:04:08'),(153,1,2,3,119,65,'Hair Grooming','Services','demo2','15000','0',10,0,'20000',0,'2014-08-07 20:05:44','2014-08-07 20:05:44'),(154,1,2,3,119,62,'Killzone 3 Ps3','Mac','lipstick','15000','10000',1,10,'13500',0,'2014-08-07 20:05:44','2014-08-07 20:05:44');
/*!40000 ALTER TABLE `g56_sale_logs` ENABLE KEYS */;
UNLOCK TABLES;

--
-- Table structure for table `g56_stock_logs`
--

DROP TABLE IF EXISTS `g56_stock_logs`;
/*!40101 SET @saved_cs_client     = @@character_set_client */;
/*!40101 SET character_set_client = utf8 */;
CREATE TABLE `g56_stock_logs` (
  `id` int(10) unsigned NOT NULL AUTO_INCREMENT,
  `product_id` int(11) NOT NULL,
  `mode_id` int(11) NOT NULL,
  `user_name` varchar(255) COLLATE utf8_unicode_ci NOT NULL,
  `brand_name` varchar(255) COLLATE utf8_unicode_ci NOT NULL,
  `productcategory_name` varchar(255) COLLATE utf8_unicode_ci NOT NULL,
  `product_name` varchar(255) COLLATE utf8_unicode_ci NOT NULL,
  `current_quantity` int(11) NOT NULL,
  `added_quantity` varchar(255) COLLATE utf8_unicode_ci NOT NULL,
  `updated_quantity` int(11) NOT NULL,
  `costprice` varchar(255) COLLATE utf8_unicode_ci NOT NULL DEFAULT '0',
  `unitprice` varchar(255) COLLATE utf8_unicode_ci NOT NULL,
  `unitprice_discounted` varchar(255) COLLATE utf8_unicode_ci NOT NULL,
  `discount` int(11) NOT NULL,
  `total_price` varchar(255) COLLATE utf8_unicode_ci NOT NULL,
  `created_at` timestamp NOT NULL DEFAULT '0000-00-00 00:00:00',
  `updated_at` timestamp NOT NULL DEFAULT '0000-00-00 00:00:00',
  PRIMARY KEY (`id`)
) ENGINE=InnoDB AUTO_INCREMENT=582 DEFAULT CHARSET=utf8 COLLATE=utf8_unicode_ci;
/*!40101 SET character_set_client = @saved_cs_client */;

--
-- Dumping data for table `g56_stock_logs`
--

LOCK TABLES `g56_stock_logs` WRITE;
/*!40000 ALTER TABLE `g56_stock_logs` DISABLE KEYS */;
INSERT INTO `g56_stock_logs` VALUES (1,1,1,'debola001','glamour56 makeup studio','lips','highshine kinky',0,'200',200,'','','0',0,'0','2013-10-07 19:32:50','2013-10-07 19:32:50'),(2,2,1,'debola001','glamour56 makeup studio','lips','highsine pout polish',0,'123',123,'','','0',0,'0','2013-10-07 19:32:56','2013-10-07 19:32:56'),(3,3,1,'debola001','glamour56 makeup studio','lips','samsung s3',0,'50',50,'','','0',0,'0','2013-10-07 19:33:01','2013-10-07 19:33:01'),(4,3,1,'debola001','glamour56 makeup studio','lips','samsung s3',50,'0',50,'','72000','0',0,'3600000','2013-10-07 19:33:10','2013-10-07 19:33:10'),(5,2,1,'debola001','glamour56 makeup studio','lips','highsine pout polish',123,'0',123,'','400','0',0,'49200','2013-10-07 19:33:20','2013-10-07 19:33:20'),(6,1,1,'debola001','glamour56 makeup studio','lips','highshine kinky',200,'0',200,'','1500','0',0,'300000','2013-10-07 19:33:25','2013-10-07 19:33:25'),(7,2,1,'debola001','glamour56 makeup studio','lips','highsine pout polish',123,'0',123,'','400','5',380,'46740','2013-10-07 19:33:37','2013-10-07 19:33:37'),(8,2,1,'debola001','glamour56 makeup studio','lips','highsine pout polish',123,'0',123,'','400','0',0,'49200','2013-10-07 19:33:49','2013-10-07 19:33:49'),(9,2,1,'debola001','glamour56 makeup studio','lips','highsine pout polish',123,'0',123,'','400','5',380,'46740','2013-10-07 19:33:58','2013-10-07 19:33:58'),(10,1,2,'debola001','glamour56 makeup studio','lips','highshine kinky',200,'0',200,'','1003','0',0,'200600','2013-10-07 19:34:13','2013-10-07 19:34:13'),(11,2,2,'debola001','glamour56 makeup studio','lips','highsine pout polish',123,'0',123,'','350','0',0,'43050','2013-10-07 19:34:18','2013-10-07 19:34:18'),(12,3,2,'debola001','glamour56 makeup studio','lips','samsung s3',50,'0',50,'','69000','0',0,'3450000','2013-10-07 19:34:25','2013-10-07 19:34:25'),(13,1,3,'debola001','glamour56 makeup studio','lips','highshine kinky',200,'0',200,'','1000','0',0,'200000','2013-10-07 19:34:50','2013-10-07 19:34:50'),(14,2,3,'debola001','glamour56 makeup studio','lips','highsine pout polish',123,'0',123,'','300','0',0,'36900','2013-10-07 19:34:57','2013-10-07 19:34:57'),(15,3,3,'debola001','glamour56 makeup studio','lips','samsung s3',50,'0',50,'','65000','0',0,'3250000','2013-10-07 19:35:03','2013-10-07 19:35:03'),(16,3,3,'debola001','glamour56 makeup studio','lips','samsung s3',50,'0',50,'','65000','10',58500,'2925000','2013-10-07 19:35:16','2013-10-07 19:35:16'),(17,1,4,'debola001','glamour56 makeup studio','lips','highshine kinky',200,'0',200,'','800','0',0,'160000','2013-10-07 19:35:27','2013-10-07 19:35:27'),(18,2,4,'debola001','glamour56 makeup studio','lips','highsine pout polish',123,'0',123,'','200','0',0,'24600','2013-10-07 19:35:34','2013-10-07 19:35:34'),(19,3,4,'debola001','glamour56 makeup studio','lips','samsung s3',50,'0',50,'','60000','0',0,'3000000','2013-10-07 19:35:40','2013-10-07 19:35:40'),(20,1,4,'debola001','glamour56 makeup studio','lips','highshine kinky',200,'0',200,'','800','13',696,'139200','2013-10-07 19:35:47','2013-10-07 19:35:47'),(21,3,1,'debola001','glamour56 makeup','lips','samsung s3',17,'170',187,'','72000','0',0,'13464000','2013-10-09 06:58:17','2013-10-09 06:58:17'),(22,1,1,'debola001','glamour56 makeup','lips','highshine kinky',80,'0',80,'','1500','0',0,'120000','2013-10-09 06:58:41','2013-10-09 06:58:41'),(23,2,1,'debola001','glamour56 makeup','lips','highsine pout polish',108,'0',108,'','400','5',380,'41040','2013-10-09 06:59:09','2013-10-09 06:59:09'),(24,3,1,'debola001','glamour56 makeup','lips','samsung s3',187,'0',187,'','72000','0',0,'13464000','2013-10-09 06:59:27','2013-10-09 06:59:27'),(25,2,1,'debola001','glamour56 makeup','lips','highsine pout polish',108,'0',108,'','400','5',380,'41040','2013-10-09 06:59:33','2013-10-09 06:59:33'),(26,2,1,'debola001','glamour56 makeup','lips','highsine pout polish',108,'0',108,'','400','5',380,'41040','2013-10-09 06:59:45','2013-10-09 06:59:45'),(27,1,1,'debola001','glamour56 makeup','lips','highshine kinky',80,'0',80,'','1500','0',0,'120000','2013-10-09 07:31:37','2013-10-09 07:31:37'),(28,2,1,'debola001','glamour56 makeup','lips','highsine pout polish',108,'0',108,'','400','5',380,'41040','2013-10-09 07:31:44','2013-10-09 07:31:44'),(29,3,1,'debola001','glamour56 makeup','lips','samsung s3',187,'0',187,'','72000','0',0,'13464000','2013-10-09 07:31:53','2013-10-09 07:31:53'),(30,2,1,'debola001','glamour56 makeup','lips','highsine pout polish',108,'0',108,'','400','5',380,'41040','2013-10-09 07:44:13','2013-10-09 07:44:13'),(31,2,1,'debola001','glamour56 makeup','lips','highsine pout polish',108,'0',108,'','400','5',380,'41040','2013-10-09 07:44:57','2013-10-09 07:44:57'),(32,1,1,'debola1','glamour56 makeup','lips','highshine kinky',80,'0',80,'','1500','10',1350,'108000','2013-10-09 16:31:18','2013-10-09 16:31:18'),(33,6,1,'debola1','glamour56 makeup','lips','toshiba laptop',0,'10',10,'','','0',0,'0','2013-10-11 23:14:41','2013-10-11 23:14:41'),(34,6,1,'debola1','glamour56 makeup','lips','toshiba laptop',10,'0',10,'','10000','0',0,'100000','2013-10-11 23:15:06','2013-10-11 23:15:06'),(35,6,1,'debola1','glamour56 makeup','lips','toshiba laptop',10,'0',10,'','10000','0',0,'100000','2013-10-11 23:16:14','2013-10-11 23:16:14'),(36,6,1,'debola1','glamour56 makeup','lips','toshiba laptop',10,'5',15,'','10000','0',0,'150000','2013-10-11 23:17:04','2013-10-11 23:17:04'),(37,6,1,'debola1','glamour56 makeup','lips','toshiba laptop',15,'-1',14,'','10000','0',0,'140000','2013-10-11 23:17:47','2013-10-11 23:17:47'),(38,6,1,'debola1','glamour56 makeup','lips','toshiba laptop',1,'6',7,'','10000','0',0,'70000','2013-10-12 00:47:40','2013-10-12 00:47:40'),(39,1,1,'debola1','glamour56 makeup','lips','highshine kinky',79,'12',91,'','1500','10',1350,'122850','2013-10-15 17:13:17','2013-10-15 17:13:17'),(40,1,1,'debola1','glamour56 makeup','lips','highshine kinky',91,'20',111,'','1500','10',1350,'149850','2013-10-15 17:13:32','2013-10-15 17:13:32'),(41,1,2,'debola1','glamour56 makeup','lips','highshine kinky',111,'0',111,'','1989','0',0,'220779','2013-10-15 18:42:30','2013-10-15 18:42:30'),(42,1,1,'debola1','glamour56 makeup','lips','highshine kinky',111,'0',111,'','890','10',801,'88911','2013-10-15 18:42:55','2013-10-15 18:42:55'),(43,1,1,'debola1','glamour56 makeup','lips','highshine kinky',111,'0',111,'','1500','10',1350,'149850','2013-10-15 18:43:28','2013-10-15 18:43:28'),(44,1,1,'debola1','glamour56 makeup','lips','highshine kinky',111,'0',111,'','2003','10',1803,'200099.7','2013-10-15 18:43:52','2013-10-15 18:43:52'),(45,1,1,'debola1','glamour56 makeup','lips','highshine kinky',111,'0',111,'','1540','10',1386,'153846','2013-10-15 18:46:38','2013-10-15 18:46:38'),(46,1,1,'debola1','glamour56 makeup','lips','highshine kinky',111,'0',111,'','1800','10',1620,'179820','2013-10-15 18:46:51','2013-10-15 18:46:51'),(47,1,1,'debola1','glamour56 makeup','lips','highshine kinky',111,'0',111,'','1955','10',1760,'195304.5','2013-10-15 18:47:08','2013-10-15 18:47:08'),(48,1,1,'debola1','glamour56 makeup','lips','highshine kinkie',111,'99',210,'','1955','10',1760,'369495','2013-10-15 18:47:33','2013-10-15 18:47:33'),(49,1,1,'debola1','glamour56 makeup','lips','highshine kinkie',210,'0',210,'','1955','5',1857,'390022.5','2013-10-15 18:47:56','2013-10-15 18:47:56'),(50,1,3,'debola1','glamour56 makeup','lips','highshine kinkie',210,'0',210,'','1250','0',0,'262500','2013-10-15 18:48:19','2013-10-15 18:48:19'),(51,1,3,'debola1','glamour56 makeup','lips','highshine kinkie',210,'0',210,'','1250','2',1225,'257250','2013-10-15 18:50:35','2013-10-15 18:50:35'),(52,1,2,'debola1','glamour56 makeup','lips','highshine kinkie',210,'0',210,'','1989','3',1929,'405159.3','2013-10-15 18:51:00','2013-10-15 18:51:00'),(53,1,2,'debola1','glamour56 makeup','lips','highshine kinkie',210,'0',210,'','1989','0',0,'417690','2013-10-15 18:51:11','2013-10-15 18:51:11'),(54,1,2,'debola1','glamour56 makeup','lips','highshine kinkie',210,'0',210,'','1989','3',1929,'405159.3','2013-10-15 18:51:15','2013-10-15 18:51:15'),(55,4,2,'debola1','glamour56 makeup','lips','samsung s4',0,'0',0,'','','0',0,'0','2013-10-15 20:35:13','2013-10-15 20:35:13'),(56,1,1,'debola1','glamour56 makeup','lips','highshine kinkie',210,'-120',90,'','1955','5',1857,'167152.5','2013-10-15 20:37:22','2013-10-15 20:37:22'),(57,3,1,'debola1','glamour56 makeup','lips','samsung s3',187,'-12',175,'','72000','0',0,'12600000','2013-10-15 20:37:45','2013-10-15 20:37:45'),(58,4,1,'debola1','glamour56 makeup','lips','samsung s4',0,'120',120,'','','0',0,'0','2013-10-15 22:03:06','2013-10-15 22:03:06'),(59,1,1,'debola1','glamour56 makeup','lips','highshine kinkie',90,'0',90,'','2001','5',1901,'171085.5','2013-10-15 22:20:04','2013-10-15 22:20:04'),(60,1,1,'debola1','glamour56 makeup','lips','highshine kinkie',90,'0',90,'','2001.90','5',1902,'171162.45','2013-10-15 22:20:13','2013-10-15 22:20:13'),(61,5,1,'debola1','glamour56 makeup','lips','samsung s5',0,'189',189,'','','0',0,'0','2013-10-16 11:42:46','2013-10-16 11:42:46'),(62,5,1,'debola1','glamour56 makeup','lips','samsung s5',189,'0',189,'','','0',0,'0','2013-10-16 11:42:51','2013-10-16 11:42:51'),(63,7,1,'debola1','glamour56 makeup','lips','samsung laptop',0,'290',290,'','','0',0,'0','2013-10-16 11:42:58','2013-10-16 11:42:58'),(64,7,1,'debola1','glamour56 makeup','lips','samsung laptop',290,'0',290,'','','0',0,'0','2013-10-16 11:43:08','2013-10-16 11:43:08'),(65,7,1,'debola1','glamour56 makeup','lips','samsung laptop',290,'290',580,'','','0',0,'0','2013-10-16 11:45:23','2013-10-16 11:45:23'),(66,7,1,'debola1','glamour56 makeup','lips','samsung laptop',580,'-290',290,'','','0',0,'0','2013-10-16 11:45:38','2013-10-16 11:45:38'),(67,7,1,'debola1','glamour56 makeup','lips','samsung laptop',290,'0',290,'','','0',0,'0','2013-10-16 11:46:13','2013-10-16 11:46:13'),(68,1,1,'debola1','glamour56 makeup','lips','highshine kinkie',90,'0',90,'','2,007.90','5',2,'171','2013-10-16 11:47:12','2013-10-16 11:47:12'),(69,1,1,'debola1','glamour56 makeup','lips','highshine kinkie',90,'0',90,'','2','5',2,'171','2013-10-16 11:48:28','2013-10-16 11:48:28'),(70,1,1,'debola1','glamour56 makeup','lips','highshine kinkie',90,'0',90,'','2004.10','5',1904,'171350.55','2013-10-16 12:06:32','2013-10-16 12:06:32'),(71,1,1,'debola1','glamour56 makeup','lips','highshine kinkie',90,'0',90,'','0','5',0,'0','2013-10-16 12:06:45','2013-10-16 12:06:45'),(72,1,1,'debola1','glamour56 makeup','lips','highshine kinkie',90,'0',90,'','2004.10','5',1904,'171350.55','2013-10-16 12:06:58','2013-10-16 12:06:58'),(73,1,1,'debola1','glamour56 makeup','lips','highshine kinkie',90,'0',90,'','2004.10','5',1904,'171350.55','2013-10-16 12:07:06','2013-10-16 12:07:06'),(74,1,1,'debola1','glamour56 makeup','lips','highshine kinkie',90,'90',180,'','2004.10','5',1904,'342701.1','2013-10-16 12:07:57','2013-10-16 12:07:57'),(75,8,1,'fresh2','glamour56 makeup','lips','brenda',0,'120',120,'','','0',0,'0','2013-10-17 21:30:59','2013-10-17 21:30:59'),(76,8,1,'fresh2','glamour56 makeup','lips','brenda',120,'0',120,'','','0',0,'0','2013-10-17 21:31:03','2013-10-17 21:31:03'),(77,9,1,'fresh2','glamour56 makeup','lips','asus transformer tab',0,'230',230,'','','0',0,'0','2013-10-17 21:31:10','2013-10-17 21:31:10'),(78,9,1,'fresh2','glamour56 makeup','lips','asus transformer tab',230,'0',230,'','','0',0,'0','2013-10-17 21:31:17','2013-10-17 21:31:17'),(79,8,1,'fresh2','glamour56 makeup','lips','brenda',120,'0',120,'','693.50.50','0',0,'83220','2013-10-17 21:31:38','2013-10-17 21:31:38'),(80,9,1,'fresh2','glamour56 makeup','lips','asus transformer tab',230,'0',230,'','35000','0',0,'8050000','2013-10-17 21:32:10','2013-10-17 21:32:10'),(81,4,1,'fresh2','glamour56 makeup','lips','samsung s4',120,'0',120,'','3450.20','0',0,'414024','2013-10-17 21:32:35','2013-10-17 21:32:35'),(82,5,1,'fresh2','glamour56 makeup','lips','samsung s5',189,'0',189,'','73000.803','0',0,'13797151.767','2013-10-17 21:32:50','2013-10-17 21:32:50'),(83,7,1,'fresh2','glamour56 makeup','lips','samsung laptop',290,'0',290,'','59000','0',0,'17110000','2013-10-17 21:33:01','2013-10-17 21:33:01'),(84,1,1,'debola1','glamour56 makeup','lips','highshine kinkie',180,'90',270,'','2004.10','5',1904,'514051.65','2013-10-18 16:38:31','2013-10-18 16:38:31'),(85,1,1,'debola1','glamour56 makeup','lips','highshine kinkie',270,'-200',70,'','2004.10','5',1904,'133272.65','2013-10-18 16:38:38','2013-10-18 16:38:38'),(86,1,1,'debola1','glamour56 makeup','lips','highshine kinkie',70,'700',770,'','2004.10','5',1904,'1465999.15','2013-10-18 16:41:54','2013-10-18 16:41:54'),(87,1,1,'debola1','glamour56 makeup','lips','highshine kinkie',770,'-670',100,'','2004.10','5',1904,'190389.5','2013-10-18 16:42:14','2013-10-18 16:42:14'),(88,1,1,'debola1','glamour56 makeup','lips','highshine kinkie',100,'101',201,'','2004.10','5',1904,'382682.895','2013-10-18 17:00:22','2013-10-18 17:00:22'),(89,1,1,'debola1','glamour56 makeup','lips','highshine kinkie',201,'-101',100,'','2004.10','5',1904,'190389.5','2013-10-18 17:02:25','2013-10-18 17:02:25'),(90,1,1,'debola1','glamour56 makeup','lips','highshine kinkie',100,'101',201,'','2004.10','5',1904,'382682.895','2013-10-18 17:02:46','2013-10-18 17:02:46'),(91,1,1,'debola1','glamour56 makeup','lips','highshine kinkie',201,'-201',0,'','2004.10','5',1904,'0','2013-10-18 18:24:18','2013-10-18 18:24:18'),(92,1,1,'debola1','glamour56 makeup','lips','highshine kinkie',0,'101',101,'','2004.10','5',1904,'192293.395','2013-10-18 19:47:47','2013-10-18 19:47:47'),(93,2,1,'debola1','glamour56 makeup','lips','highsine pout polish',108,'-18',90,'','400','5',380,'34200','2013-10-18 20:44:44','2013-10-18 20:44:44'),(94,1,1,'debola1','glamour56 makeup','lips','highshine kinkie',101,'-20',81,'','2004.10','5',1904,'154215.495','2013-11-25 11:31:32','2013-11-25 11:31:32'),(95,10,1,'debola1','glamour56 makeup','lips','sugar',0,'50',50,'','','0',0,'0','2013-11-25 11:38:18','2013-11-25 11:38:18'),(96,10,1,'debola1','glamour56 makeup','lips','sugar',50,'0',50,'','','0',0,'0','2013-11-25 11:38:40','2013-11-25 11:38:40'),(97,10,1,'debola1','glamour56 makeup','lips','sugar',50,'0',50,'','200','0',0,'10000','2013-11-25 11:38:48','2013-11-25 11:38:48'),(98,10,1,'debola1','glamour56 makeup','lips','sugar',50,'0',50,'','200','2',196,'9800','2013-11-25 11:39:14','2013-11-25 11:39:14'),(99,23,1,'debola1','nike','male','polo',0,'200',200,'','','0',0,'0','2013-12-05 14:33:33','2013-12-05 14:33:33'),(100,23,1,'debola1','nike','male','polo',200,'0',200,'','','0',0,'0','2013-12-05 14:33:38','2013-12-05 14:33:38'),(101,23,1,'debola1','nike','male','polo',200,'0',200,'','8237','0',0,'1647400','2013-12-05 14:35:09','2013-12-05 14:35:09'),(102,23,1,'debola1','nike','male','polo',200,'0',200,'','8237','10',7413,'1482660','2013-12-05 14:37:57','2013-12-05 14:37:57'),(103,1,1,'debola1','glamour56 makeup','lips','highshine kinkie',79,'1',80,'','2004.10','5',1904,'152311.6','2013-12-18 06:42:26','2013-12-18 06:42:26'),(104,1,1,'debola1','glamour56 makeup','lips','highshine kinkie',80,'1',81,'','2004.10','5',1904,'154215.495','2013-12-18 07:26:47','2013-12-18 07:26:47'),(105,1,1,'debola1','glamour56 makeup','lips','highshine kinkie',81,'2',2,'','2004.10','5',1904,'3807.79','2013-12-18 07:26:55','2013-12-18 07:26:55'),(106,1,1,'debola1','glamour56 makeup','lips','highshine kinkie',2,'3',3,'','2004.10','5',1904,'5711.685','2013-12-18 07:30:54','2013-12-18 07:30:54'),(107,1,1,'debola1','glamour56 makeup','lips','highshine kinkie',3,'6',6,'','2004.10','5',1904,'11423.37','2013-12-18 07:31:51','2013-12-18 07:31:51'),(108,1,1,'debola1','glamour56 makeup','lips','highshine kinkie',6,'5',5,'','2004.10','5',1904,'9519.475','2013-12-18 07:34:57','2013-12-18 07:34:57'),(109,1,1,'debola1','glamour56 makeup','lips','highshine kinkie',5,'1',1,'','2004.10','5',1904,'1903.895','2013-12-18 07:35:22','2013-12-18 07:35:22'),(110,1,1,'debola1','glamour56 makeup','lips','highshine kinkie',1,'6',6,'','2004.10','5',1904,'11423.37','2013-12-18 07:35:38','2013-12-18 07:35:38'),(111,1,1,'debola1','glamour56 makeup','lips','highshine kinkie',6,'8',14,'','2004.10','5',1904,'26654.53','2013-12-18 07:36:27','2013-12-18 07:36:27'),(112,1,1,'debola1','glamour56 makeup','lips','highshine kinkie',14,'1',13,'','2004.10','5',1904,'24750.635','2013-12-18 07:37:04','2013-12-18 07:37:04'),(113,1,1,'debola1','glamour56 makeup','lips','highshine kinkie',13,'0',13,'','2004.10','5',1904,'24750.635','2013-12-18 07:37:59','2013-12-18 07:37:59'),(114,1,1,'debola1','glamour56 makeup','lips','highshine kinkie',13,'0',13,'','2004.10','5',1904,'24750.635','2013-12-18 07:38:30','2013-12-18 07:38:30'),(115,25,1,'debola1','glamour56 makeup','lips','textcoat',0,'3004',0,'','','0',0,'0','2013-12-18 08:02:59','2013-12-18 08:02:59'),(116,25,1,'debola1','glamour56 makeup','lips','textcoat',0,'329',329,'','','0',0,'0','2013-12-18 08:03:14','2013-12-18 08:03:14'),(117,25,1,'debola1','glamour56 makeup','lips','textcoat',329,'1',328,'','','0',0,'0','2013-12-18 08:03:21','2013-12-18 08:03:21'),(118,9,1,'debola1','glamour56 makeup','lips','asus transformer tab',0,'200',200,'','35000','0',0,'7000000','2013-12-18 09:57:48','2013-12-18 09:57:48'),(119,25,1,'debola1','glamour56 makeup','lips','textcoat',328,'3',325,'','','0',0,'0','2013-12-18 10:02:20','2013-12-18 10:02:20'),(120,25,1,'debola1','glamour56 makeup','lips','textcoat',325,'1',326,'','','0',0,'0','2013-12-18 10:02:24','2013-12-18 10:02:24'),(121,25,1,'debola1','glamour56 makeup','lips','textcoat',326,'0',326,'','250.00','0',0,'81500','2013-12-18 10:09:33','2013-12-18 10:09:33'),(122,25,1,'debola1','glamour56 makeup','lips','textcoat',326,'0',326,'','250.00','50',125,'40750','2013-12-18 10:09:42','2013-12-18 10:09:42'),(123,25,1,'debola1','glamour56 makeup','lips','textcoat',326,'0',326,'','250.00','50',125,'40750','2013-12-18 10:10:21','2013-12-18 10:10:21'),(124,25,1,'debola1','glamour56 makeup','lips','textcoat',326,'658678',659004,'','250.00','50',125,'82375500','2013-12-18 10:10:36','2013-12-18 10:10:36'),(125,25,1,'debola1','glamour56 makeup','lips','textcoat',659004,'557679',101325,'','250.00','50',125,'12665625','2013-12-18 10:11:13','2013-12-18 10:11:13'),(126,25,1,'debola1','glamour56 makeup','lips','textcoat',101325,'557679',0,'','250.00','50',125,'0','2013-12-18 10:11:21','2013-12-18 10:11:21'),(127,25,1,'debola1','glamour56 makeup','lips','textcoat',0,'245',245,'','250.00','50',125,'30625','2013-12-18 10:11:30','2013-12-18 10:11:30'),(128,25,2,'debola1','glamour56 makeup','lips','textcoat',245,'0',245,'','200','0',0,'49000','2013-12-18 10:12:49','2013-12-18 10:12:49'),(129,25,2,'debola1','glamour56 makeup','lips','textcoat',245,'0',245,'','200','30',140,'34300','2013-12-18 10:12:55','2013-12-18 10:12:55'),(130,4,1,'debola1','glamour56 makeup','lips','samsung s4',86,'0',86,'','3450.20','0',0,'296717.2','2013-12-22 09:32:07','2013-12-22 09:32:07'),(131,4,1,'debola1','glamour56 makeup','lips','samsung s4',86,'0',86,'','3450.20','0',0,'296717.2','2013-12-22 09:32:14','2013-12-22 09:32:14'),(132,4,1,'debola1','glamour56 makeup','lips','samsung s4',86,'0',86,'','3450.20','0',0,'296717.2','2013-12-22 09:33:00','2013-12-22 09:33:00'),(133,4,1,'debola1','glamour56 makeup','lips','samsung s4',86,'0',86,'','3450.20','0',0,'296717.2','2013-12-22 09:34:21','2013-12-22 09:34:21'),(134,4,1,'debola1','glamour56 makeup','lips','samsung s4',86,'0',86,'','3450.20','0',0,'296717.2','2013-12-22 13:07:01','2013-12-22 13:07:01'),(135,4,1,'debola1','glamour56 makeup','lips','samsung s4',86,'0',86,'','3450.20','0',0,'296717.2','2013-12-22 13:07:22','2013-12-22 13:07:22'),(136,3,1,'debola1','glamour56 makeup','lips','samsung s3',164,'0',164,'','72000','0',0,'11808000','2013-12-22 13:07:44','2013-12-22 13:07:44'),(137,4,1,'debola1','glamour56 makeup','lips','samsung s4',86,'0',86,'','3450.20','0',0,'296717.2','2013-12-22 17:18:07','2013-12-22 17:18:07'),(138,4,1,'debola1','glamour56 makeup','lips','samsung s4',86,'0',86,'','3450.20','0',0,'296717.2','2013-12-22 17:22:09','2013-12-22 17:22:09'),(139,34,1,'debola1','glamour56 makeup','lips','tisk',0,'20',20,'','','0',0,'0','2013-12-29 21:20:14','2013-12-29 21:20:14'),(140,34,1,'debola1','glamour56 makeup','lips','tisk',20,'1',1,'','','0',0,'0','2013-12-29 22:16:28','2013-12-29 22:16:28'),(141,34,1,'debola1','glamour56 makeup','lips','tisk',1,'10',10,'','','0',0,'0','2013-12-29 22:17:42','2013-12-29 22:17:42'),(142,34,1,'debola1','glamour56 makeup','lips','tisk',10,'1',9,'','','0',0,'0','2013-12-29 22:18:46','2013-12-29 22:18:46'),(143,34,1,'debola1','glamour56 makeup','lips','tisk',9,'2',7,'','','0',0,'0','2013-12-29 22:19:31','2013-12-29 22:19:31'),(144,34,1,'debola1','glamour56 makeup','lips','tisk',7,'0',7,'','209','0',0,'1463','2013-12-30 00:38:14','2013-12-30 00:38:14'),(145,34,1,'debola1','glamour56 makeup','lips','tisk',7,'0',7,'','298','0',0,'2086','2013-12-30 00:41:00','2013-12-30 00:41:00'),(146,34,1,'debola1','glamour56 makeup','lips','tisk',7,'0',7,'','29','0',0,'203','2013-12-30 00:41:56','2013-12-30 00:41:56'),(147,34,1,'debola1','glamour56 makeup','lips','tisk',7,'0',7,'','29','2',28,'198.94','2013-12-30 00:42:35','2013-12-30 00:42:35'),(148,34,1,'debola1','glamour56 makeup','lips','tisk',7,'0',7,'','29','6',27,'190.82','2013-12-30 00:43:19','2013-12-30 00:43:19'),(149,34,2,'debola1','glamour56 makeup','lips','tisk',7,'0',7,'','5009','0',0,'35063','2013-12-31 05:26:31','2013-12-31 05:26:31'),(150,34,2,'debola1','glamour56 makeup','lips','tisk',7,'0',7,'','400','0',0,'2800','2013-12-31 05:31:28','2013-12-31 05:31:28'),(151,34,1,'debola1','glamour56 makeup','lips','tisk',7,'0',7,'','295','6',277,'1941.1','2013-12-31 05:37:13','2013-12-31 05:37:13'),(152,34,1,'debola1','glamour56 makeup','lips','tisk',6,'1',5,'','295','6',277,'1386.5','2014-01-21 19:22:24','2014-01-21 19:22:24'),(153,34,1,'debola1','glamour56 makeup','lips','tisk',5,'5',10,'','295','6',277,'2773','2014-01-21 19:22:46','2014-01-21 19:22:46'),(154,34,1,'debola1','glamour56 makeup','lips','tisk',10,'-2',8,'','295','6',277,'2218.4','2014-01-21 19:24:23','2014-01-21 19:24:23'),(155,33,1,'debola1','glamour56 makeup','lips','eod',0,'2',2,'','','0',0,'0','2014-01-21 19:27:18','2014-01-21 19:27:18'),(156,33,1,'debola1','glamour56 makeup','lips','eod',2,'0',2,'','','0',0,'0','2014-01-21 19:27:37','2014-01-21 19:27:37'),(157,33,1,'debola1','glamour56 makeup','lips','eod',2,'2',4,'','','0',0,'0','2014-01-21 19:30:53','2014-01-21 19:30:53'),(158,33,1,'debola1','glamour56 makeup','lips','eod',4,'1',5,'','','0',0,'0','2014-01-21 19:31:21','2014-01-21 19:31:21'),(159,33,1,'debola1','glamour56 makeup','lips','eod',5,'-2',3,'','','0',0,'0','2014-01-21 19:31:29','2014-01-21 19:31:29'),(160,33,1,'debola1','glamour56 makeup','lips','end of discussion',3,'0',3,'','1400000','0',0,'4200000','2014-01-21 19:31:53','2014-01-21 19:31:53'),(161,8,1,'debola1','glamour56 makeup','lips','brenda',120,'0',120,'','693.5','0',0,'83220','2014-01-23 11:06:53','2014-01-23 11:06:53'),(162,8,1,'debola1','glamour56 makeup','lips','brenda',120,'0',120,'','693.50.40','0',0,'83220','2014-01-23 11:07:21','2014-01-23 11:07:21'),(163,8,1,'debola1','glamour56 makeup','lips','brenda',120,'0',120,'','693.50.4','0',0,'83220','2014-01-23 11:07:51','2014-01-23 11:07:51'),(164,8,1,'debola1','glamour56 makeup','lips','brenda',120,'0',120,'','693.50','0',0,'83220','2014-01-23 11:15:50','2014-01-23 11:15:50'),(165,33,1,'debola1','glamour56 makeup','lips','end of discussion',3,'0',3,'','1400000','0',0,'4200000','2014-01-23 11:21:41','2014-01-23 11:21:41'),(166,33,1,'debola1','glamour56 makeup','lips','end of discussion',3,'10',13,'','1400000','0',0,'18200000','2014-01-23 11:21:50','2014-01-23 11:21:50'),(167,33,1,'debola1','glamour56 makeup','lips','end of discussion',13,'40',53,'','1400000','0',0,'74200000','2014-01-23 11:21:57','2014-01-23 11:21:57'),(168,33,1,'debola1','glamour56 makeup','lips','end of discussion',53,'0',53,'','1400000','0',0,'74200000','2014-01-23 11:27:17','2014-01-23 11:27:17'),(169,33,1,'debola1','glamour56 makeup','lips','end of discussion',53,'0',53,'','1400000','0',0,'74200000','2014-01-23 11:28:45','2014-01-23 11:28:45'),(170,33,1,'debola1','glamour56 makeup','lips','end of discussion',53,'0',53,'','1400000','0',0,'74200000','2014-01-23 11:29:33','2014-01-23 11:29:33'),(171,33,1,'debola1','glamour56 makeup','lips','end of discussion',53,'0',53,'','1400000','0',0,'74200000','2014-01-23 11:29:40','2014-01-23 11:29:40'),(172,33,1,'debola1','glamour56 makeup','lips','end of discussion',53,'0',53,'','1400000','0',0,'74200000','2014-01-23 11:34:20','2014-01-23 11:34:20'),(173,33,1,'debola1','glamour56 makeup','lips','end of discussion',53,'0',53,'','1400000','0',0,'74200000','2014-01-23 11:36:05','2014-01-23 11:36:05'),(174,33,1,'debola1','glamour56 makeup','lips','end of discussion',53,'0',53,'','1400000','0',0,'74200000','2014-01-23 11:37:31','2014-01-23 11:37:31'),(175,33,1,'debola1','glamour56 makeup','lips','end of discussion',53,'0',53,'','1400000','0',0,'74200000','2014-01-23 11:40:52','2014-01-23 11:40:52'),(176,33,1,'debola1','glamour56 makeup','lips','end of discussion',53,'0',53,'','1400000','0',0,'74200000','2014-01-23 11:41:14','2014-01-23 11:41:14'),(177,33,1,'debola1','glamour56 makeup','lips','end of discussion',53,'0',53,'','1400000','0',0,'74200000','2014-01-23 11:41:24','2014-01-23 11:41:24'),(178,33,1,'debola1','glamour56 makeup','lips','end of discussion',53,'0',53,'','1400000','0',0,'74200000','2014-01-23 11:41:49','2014-01-23 11:41:49'),(179,33,1,'debola1','glamour56 makeup','lips','end of discussion',53,'0',53,'','1400000','0',0,'74200000','2014-01-23 11:42:10','2014-01-23 11:42:10'),(180,33,1,'debola1','glamour56 makeup','lips','end of discussion',53,'0',53,'','1400000','0',0,'74200000','2014-01-23 11:52:40','2014-01-23 11:52:40'),(181,33,1,'debola1','glamour56 makeup','lips','end of discussion',53,'0',53,'','1400000','0',0,'74200000','2014-01-23 11:56:31','2014-01-23 11:56:31'),(182,33,1,'debola1','glamour56 makeup','lips','end of discussion',53,'0',53,'','1400000','0',0,'74200000','2014-01-23 11:56:42','2014-01-23 11:56:42'),(183,33,1,'debola1','glamour56 makeup','lips','end of discussion',53,'0',53,'','1400000','0',0,'74200000','2014-01-23 11:57:16','2014-01-23 11:57:16'),(184,33,1,'debola1','glamour56 makeup','lips','end of discussion',53,'0',53,'','1400000','0',0,'74200000','2014-01-23 11:57:23','2014-01-23 11:57:23'),(185,34,1,'debola1','glamour56 makeup','lips','tisk',8,'0',8,'','295','6',277,'2218.4','2014-01-23 11:58:11','2014-01-23 11:58:11'),(186,34,1,'debola1','glamour56 makeup','lips','tisk',8,'0',8,'','295','6',277,'2218.4','2014-01-23 11:58:46','2014-01-23 11:58:46'),(187,25,1,'debola1','glamour56 makeup','lips','textcoat',245,'-200',45,'','250.00','50',125,'5625','2014-01-23 22:34:11','2014-01-23 22:34:11'),(188,25,1,'debola1','glamour56 makeup','lips','textcoat',45,'200',245,'','250.00','50',125,'30625','2014-01-23 22:34:27','2014-01-23 22:34:27'),(189,25,1,'debola1','glamour56 makeup','lips','textcoat',245,'-20',225,'','250.00','50',125,'28125','2014-01-23 22:34:33','2014-01-23 22:34:33'),(190,25,1,'debola1','glamour56 makeup','lips','textcoat',225,'-200',25,'','250.00','50',125,'3125','2014-01-23 22:34:44','2014-01-23 22:34:44'),(191,25,1,'debola1','glamour56 makeup','lips','textcoat',25,'201',226,'','250.00','50',125,'28250','2014-01-23 22:34:56','2014-01-23 22:34:56'),(192,33,1,'debola1','glamour56 makeup','lips','end of discussion',53,'70',123,'','1400000','0',0,'172200000','2014-01-23 22:35:04','2014-01-23 22:35:04'),(193,33,1,'debola1','glamour56 makeup','lips','end of discussion',123,'-100',23,'','1400000','0',0,'32200000','2014-01-23 22:35:15','2014-01-23 22:35:15'),(194,33,1,'debola1','glamour56 makeup','lips','end of discussion',23,'71',94,'','1400000','0',0,'131600000','2014-01-23 22:35:33','2014-01-23 22:35:33'),(195,33,1,'debola1','glamour56 makeup','lips','end of discussion',94,'-101',0,'','1400000','0',0,'0','2014-01-23 22:49:42','2014-01-23 22:49:42'),(196,33,1,'debola1','glamour56 makeup','lips','end of discussion',0,'201',201,'','1400000','0',0,'281400000','2014-01-23 22:50:00','2014-01-23 22:50:00'),(197,33,1,'debola1','glamour56 makeup','lips','end of discussion',201,'-200',1,'','1400000','0',0,'1400000','2014-01-23 22:50:06','2014-01-23 22:50:06'),(198,33,1,'debola1','glamour56 makeup','lips','end of discussion',1,'200',201,'','1400000','0',0,'281400000','2014-01-23 22:50:16','2014-01-23 22:50:16'),(199,10,1,'debola1','glamour56 makeup','lips','sugar',34,'-10',24,'','200','2',196,'4704','2014-01-24 00:08:39','2014-01-24 00:08:39'),(200,10,1,'debola1','glamour56 makeup','lips','sugar',24,'10',34,'','200','2',196,'6664','2014-01-24 00:09:31','2014-01-24 00:09:31'),(201,10,1,'debola1','glamour56 makeup','lips','sugar',34,'-10',24,'','200','2',196,'4704','2014-01-24 00:09:38','2014-01-24 00:09:38'),(202,34,1,'debola1','glamour56 makeup','lips','tisk',3,'10',13,'','295','6',277,'3604.9','2014-01-24 00:10:05','2014-01-24 00:10:05'),(203,10,1,'debola1','glamour56 makeup','lips','sugar',24,'10',34,'','200','2',196,'6664','2014-01-24 00:17:25','2014-01-24 00:17:25'),(204,34,1,'debola1','glamour56 makeup','lips','tisk',13,'0',13,'','295','6',277,'3604.9','2014-01-25 00:49:49','2014-01-25 00:49:49'),(205,37,1,'debola1','glamour56 makeup','lips','sleek kinky lipgloss',0,'3',3,'','','0',0,'0','2014-01-31 19:15:19','2014-01-31 19:15:19'),(206,37,1,'debola1','glamour56 makeup','lips','sleek kinky lipgloss',3,'-1',2,'','','0',0,'0','2014-01-31 19:15:31','2014-01-31 19:15:31'),(207,37,1,'debola1','glamour56 makeup','lips','sleek kinky lipgloss',2,'0',2,'','1,300.00','0',0,'2','2014-01-31 19:15:54','2014-01-31 19:15:54'),(208,37,1,'debola1','glamour56 makeup','lips','sleek kinky lipgloss',2,'0',2,'','1,301.00','0',0,'2','2014-01-31 19:16:34','2014-01-31 19:16:34'),(209,37,1,'debola1','glamour56 makeup','lips','sleek kinky lipgloss',2,'4',6,'','1,301.00','0',0,'6','2014-01-31 19:17:14','2014-01-31 19:17:14'),(210,34,1,'debola1','glamour56 makeup','lips','tiss',13,'0',13,'','299.00','6',281,'3653.78','2014-01-31 19:17:27','2014-01-31 19:17:27'),(211,37,1,'debola1','glamour56 makeup','lips','sleek kinky lipgloss',6,'0',6,'','1,300.00','0',0,'6','2014-01-31 19:18:11','2014-01-31 19:18:11'),(212,37,1,'debola1','glamour56 makeup','lips','sleek kinky lipgloss',6,'0',6,'','1,300.00','0',0,'6','2014-01-31 19:23:55','2014-01-31 19:23:55'),(213,37,1,'debola1','glamour56 makeup','lips','sleek kinky lipgloss',6,'0',6,'','1,030.00','0',0,'6','2014-01-31 19:24:43','2014-01-31 19:24:43'),(214,37,1,'debola1','glamour56 makeup','lips','sleek kinky lipgloss',6,'0',6,'','594.00','0',0,'3564','2014-01-31 19:36:51','2014-01-31 19:36:51'),(215,37,1,'debola1','glamour56 makeup','lips','sleek kinky lipgloss',6,'0',6,'','1,300.00','0',0,'6','2014-01-31 19:37:14','2014-01-31 19:37:14'),(216,37,1,'debola1','glamour56 makeup','lips','sleek kinky lipgloss',6,'0',6,'','1,394.00','0',0,'6','2014-01-31 19:40:37','2014-01-31 19:40:37'),(217,37,1,'debola1','glamour56 makeup','lips','sleek kinky lipgloss',6,'0',6,'','2003','0',0,'12018','2014-01-31 19:46:16','2014-01-31 19:46:16'),(218,37,1,'debola1','glamour56 makeup','lips','sleek kinky lipgloss',6,'-4',2,'','2003','0',0,'4006','2014-01-31 19:51:46','2014-01-31 19:51:46'),(219,37,1,'debola1','glamour56 makeup','lips','sleek kinky lipgloss',2,'0',2,'','0','0',0,'0','2014-01-31 19:51:53','2014-01-31 19:51:53'),(220,37,1,'debola1','glamour56 makeup','lips','sleek kinky lipgloss',2,'0',2,'','1300','0',0,'2600','2014-01-31 19:55:42','2014-01-31 19:55:42'),(221,37,1,'debola1','glamour56 makeup','lips','sleek kinky lipgloss',2,'0',2,'','1300','5',1235,'2470','2014-01-31 19:56:03','2014-01-31 19:56:03'),(222,38,1,'debola1','mac','lipstick','rubywoo',0,'30',30,'','','0',0,'0','2014-01-31 20:38:01','2014-01-31 20:38:01'),(223,38,1,'debola1','mac','lipstick','rubywoo',30,'0',30,'','','0',0,'0','2014-01-31 20:38:17','2014-01-31 20:38:17'),(224,38,1,'debola1','mac','lipstick','rubywoo',30,'0',30,'','4500','0',0,'135000','2014-01-31 20:38:27','2014-01-31 20:38:27'),(225,38,1,'debola1','mac','lipstick','rubywoo',30,'-10',20,'','4500','0',0,'90000','2014-01-31 20:38:40','2014-01-31 20:38:40'),(226,38,1,'debola1','mac','lipstick','rubywoo',20,'16',36,'','4500','0',0,'162000','2014-01-31 20:38:55','2014-01-31 20:38:55'),(227,38,2,'debola1','mac','lipstick','rubywoo',36,'0',36,'','3800','0',0,'136800','2014-01-31 20:39:55','2014-01-31 20:39:55'),(228,38,1,'debola1','mac','lipstick','rubywoo',-99,'20',0,'','4500','0',0,'0','2014-01-31 20:49:52','2014-01-31 20:49:52'),(229,38,1,'debola1','mac','lipstick','rubywoo',0,'24',24,'','4500','0',0,'108000','2014-01-31 20:49:59','2014-01-31 20:49:59'),(230,38,2,'debola1','mac','lipstick','rubywoo',24,'27',51,'','3800','0',0,'193800','2014-01-31 21:26:16','2014-01-31 21:26:16'),(231,34,1,'debola1','glamour56 makeup','lips','tiss',-32,'32',0,'','299.00','6',281,'0','2014-01-31 21:43:15','2014-01-31 21:43:15'),(232,34,1,'debola1','glamour56 makeup','lips','tiss',0,'32',32,'','299.00','6',281,'8993.92','2014-01-31 21:43:40','2014-01-31 21:43:40'),(233,34,2,'debola1','glamour56 makeup','lips','tiss',32,'32',64,'','400','0',0,'25600','2014-01-31 21:44:24','2014-01-31 21:44:24'),(234,37,1,'debola1','glamour56 makeup','lips','sleek kinky lipgloss',2,'3',5,'','1300','5',1235,'6175','2014-02-01 07:46:52','2014-02-01 07:46:52'),(235,37,1,'debola1','glamour56 makeup','lips','sleek kinky lipgloss',5,'-4',1,'','1300','5',1235,'1235','2014-02-01 07:48:53','2014-02-01 07:48:53'),(236,37,1,'debola1','glamour56 makeup','lips','sleek kinky lipgloss',1,'2',3,'','1300','5',1235,'3705','2014-02-01 07:49:22','2014-02-01 07:49:22'),(237,37,1,'debola1','glamour56 makeup','lips','sleek kinky lipgloss',3,'1',4,'','1300','5',1235,'4940','2014-02-01 07:51:03','2014-02-01 07:51:03'),(238,37,1,'debola1','glamour56 makeup','lips','sleek kinky lipgloss',4,'-1',3,'','1300','5',1235,'3705','2014-02-01 07:52:22','2014-02-01 07:52:22'),(239,37,1,'debola1','glamour56 makeup','lips','sleek kinky lipgloss',3,'1',4,'','1300','5',1235,'4940','2014-02-01 07:52:55','2014-02-01 07:52:55'),(240,37,2,'debola1','glamour56 makeup','lips','sleek kinky lipgloss',4,'0',4,'','1','0',0,'4','2014-02-01 07:53:21','2014-02-01 07:53:21'),(241,37,2,'debola1','glamour56 makeup','lips','sleek kinky lipgloss',4,'-1',3,'','1','0',0,'3','2014-02-01 07:53:42','2014-02-01 07:53:42'),(242,40,1,'debola1','mac','lipstick','fushier',0,'5',5,'','','0',0,'0','2014-02-01 09:52:27','2014-02-01 09:52:27'),(243,40,1,'debola1','mac','lipstick','fushier',5,'0',5,'','','0',0,'0','2014-02-01 09:52:45','2014-02-01 09:52:45'),(244,40,1,'debola1','mac','lipstick','fushier',5,'0',5,'','15','0',0,'75','2014-02-01 09:53:02','2014-02-01 09:53:02'),(245,40,1,'debola1','mac','lipstick','fushier',5,'0',5,'','15','2',15,'73.5','2014-02-01 09:53:32','2014-02-01 09:53:32'),(246,40,1,'debola1','mac','lipstick','fushier',5,'10',15,'','15','2',15,'220.5','2014-02-01 10:02:28','2014-02-01 10:02:28'),(247,40,1,'debola1','mac','lipstick','fushier',15,'-1',14,'','15','2',15,'205.8','2014-02-01 10:02:38','2014-02-01 10:02:38'),(248,40,1,'debola1','mac','lipstick','fushier',14,'0',14,'','15','2',15,'205.8','2014-02-01 10:02:47','2014-02-01 10:02:47'),(249,40,1,'debola1','mac','lipstick','fushier',14,'0',14,'','150','2',147,'2058','2014-02-01 10:23:48','2014-02-01 10:23:48'),(250,40,1,'debola1','mac','lipstick','fushier',14,'-6',8,'','150','2',147,'1176','2014-02-01 14:47:23','2014-02-01 14:47:23'),(251,40,1,'debola1','mac','lipstick','fushier',8,'9',17,'','150','2',147,'2499','2014-02-01 14:48:16','2014-02-01 14:48:16'),(252,40,1,'debola1','mac','lipstick','fushier',17,'-10',7,'','150','2',147,'1029','2014-02-01 14:48:24','2014-02-01 14:48:24'),(253,40,1,'debola1','mac','lipstick','fushier',7,'9',16,'','150','2',147,'2352','2014-02-01 14:49:36','2014-02-01 14:49:36'),(254,40,1,'debola1','mac','lipstick','fushier',16,'-9',7,'','150','2',147,'1029','2014-02-01 14:49:40','2014-02-01 14:49:40'),(255,40,1,'debola1','mac','lipstick','fushier',7,'9',16,'','150','2',147,'2352','2014-02-01 14:50:02','2014-02-01 14:50:02'),(256,40,1,'debola1','mac','lipstick','fushier',16,'-9',7,'','150','2',147,'1029','2014-02-01 14:50:07','2014-02-01 14:50:07'),(257,40,1,'debola1','mac','lipstick','fushier',7,'7',14,'','150','2',147,'2058','2014-02-01 14:51:13','2014-02-01 14:51:13'),(258,40,1,'debola1','mac','lipstick','fushier',14,'-7',7,'','150','2',147,'1029','2014-02-01 14:51:17','2014-02-01 14:51:17'),(259,40,1,'debola1','mac','lipstick','fushier',7,'7',14,'','150','2',147,'2058','2014-02-01 14:52:01','2014-02-01 14:52:01'),(260,40,1,'debola1','mac','lipstick','fushier',14,'-7',7,'','150','2',147,'1029','2014-02-01 14:52:04','2014-02-01 14:52:04'),(261,40,1,'debola1','mac','lipstick','fushier',7,'10',17,'','150','2',147,'2499','2014-02-01 14:59:31','2014-02-01 14:59:31'),(262,40,2,'debola1','mac','lipstick','fusha',17,'0',17,'','110','0',0,'1870','2014-02-02 06:07:38','2014-02-02 06:07:38'),(263,40,1,'debola1','mac','lipstick','fusha',17,'-10',7,'','150','2',147,'1029','2014-02-02 13:26:16','2014-02-02 13:26:16'),(264,40,1,'debola1','mac','lipstick','fusha',7,'1',8,'','150','2',147,'1176','2014-02-02 13:27:13','2014-02-02 13:27:13'),(265,40,1,'debola1','mac','lipstick','fusha',8,'-11',0,'','150','2',147,'0','2014-02-02 13:27:26','2014-02-02 13:27:26'),(266,40,1,'debola1','mac','lipstick','fusha',0,'18',18,'','150','2',147,'2646','2014-02-02 13:27:39','2014-02-02 13:27:39'),(267,40,1,'debola1','mac','lipstick','fusha',18,'-10',8,'','150','2',147,'1176','2014-02-02 13:34:26','2014-02-02 13:34:26'),(268,40,1,'debola1','mac','lipstick','fusha',8,'-2',6,'','150','2',147,'882','2014-02-02 13:34:38','2014-02-02 13:34:38'),(269,39,1,'debola1','mac','lipstick','candy kane',0,'23',23,'','','0',0,'0','2014-02-02 15:14:16','2014-02-02 15:14:16'),(270,39,1,'debola1','mac','lipstick','candy kane',23,'-1',22,'','','0',0,'0','2014-02-02 15:23:00','2014-02-02 15:23:00'),(271,39,1,'debola1','mac','lipstick','candy kane',22,'-1',21,'','','0',0,'0','2014-02-02 15:23:40','2014-02-02 15:23:40'),(272,39,1,'debola1','mac','lipstick','candy kane',21,'-1',20,'','','0',0,'0','2014-02-02 15:26:07','2014-02-02 15:26:07'),(273,39,1,'debola1','mac','lipstick','candy kane',20,'-1',19,'','','0',0,'0','2014-02-02 15:27:30','2014-02-02 15:27:30'),(274,39,1,'debola1','mac','lipstick','candy kane',19,'-17',2,'','','0',0,'0','2014-02-02 15:28:21','2014-02-02 15:28:21'),(275,39,1,'debola1','mac','lipstick','candy kane',2,'1',3,'','','0',0,'0','2014-02-02 15:29:24','2014-02-02 15:29:24'),(276,39,1,'debola1','mac','lipstick','candy kane',3,'-1',2,'','','0',0,'0','2014-02-02 15:44:47','2014-02-02 15:44:47'),(277,39,1,'debola1','mac','lipstick','candy kane',2,'1',3,'','','0',0,'0','2014-02-02 15:45:51','2014-02-02 15:45:51'),(278,39,1,'debola1','mac','lipstick','candy kane',3,'-2',1,'','','0',0,'0','2014-02-02 15:46:00','2014-02-02 15:46:00'),(279,40,1,'debola1','mac','lipstick','fusha',6,'0',6,'','1300','2',1274,'7644','2014-02-02 16:49:06','2014-02-02 16:49:06'),(280,40,1,'debola1','mac','lipstick','fusha',6,'0',6,'','5000','2',4900,'29400','2014-02-02 17:11:08','2014-02-02 17:11:08'),(281,40,1,'debola1','mac','lipstick','fusha',6,'0',6,'','5000','2',4900,'29400','2014-02-02 17:11:58','2014-02-02 17:11:58'),(282,40,1,'debola1','mac','lipstick','fusha',6,'0',6,'','6009.60','2',5889,'35336.448','2014-02-02 17:13:31','2014-02-02 17:13:31'),(283,40,1,'debola1','mac','lipstick','fusha',6,'0',6,'','1300','2',1274,'7644','2014-02-02 17:14:48','2014-02-02 17:14:48'),(284,40,1,'debola1','mac','lipstick','fusha',6,'0',6,'','1400','2',1372,'8232','2014-02-02 17:17:22','2014-02-02 17:17:22'),(285,40,1,'debola1','mac','lipstick','fusha',6,'0',6,'','2000','2',1960,'11760','2014-02-02 17:18:07','2014-02-02 17:18:07'),(286,40,1,'debola1','mac','lipstick','fusha',6,'0',6,'','1800.70','2',1765,'10588.116','2014-02-02 17:46:30','2014-02-02 17:46:30'),(287,40,1,'debola1','mac','lipstick','fusha',6,'0',6,'','1800','2',1764,'10584','2014-02-02 17:48:21','2014-02-02 17:48:21'),(288,40,1,'debola1','mac','lipstick','fusha',6,'0',6,'','1806','2',1770,'10619.28','2014-02-02 17:49:29','2014-02-02 17:49:29'),(289,40,1,'debola1','mac','lipstick','fusha',6,'0',6,'','1506','2',1476,'8855.28','2014-02-02 17:50:10','2014-02-02 17:50:10'),(290,40,1,'debola1','mac','lipstick','fusha',6,'0',6,'','1607','2',1575,'9449.16','2014-02-02 17:51:31','2014-02-02 17:51:31'),(291,40,1,'debola1','mac','lipstick','fusha',6,'0',6,'','8000.90','2',7841,'47045.292','2014-02-02 17:53:43','2014-02-02 17:53:43'),(292,40,1,'debola1','mac','lipstick','fusha',6,'0',6,'','10000','2',9800,'58800','2014-02-02 17:59:59','2014-02-02 17:59:59'),(293,40,1,'debola1','mac','lipstick','fusha',6,'0',6,'','12000','2',11760,'70560','2014-02-02 18:00:59','2014-02-02 18:00:59'),(294,39,1,'debola1','mac','lipstick','candy kane',1,'0',1,'','300','0',0,'300','2014-02-02 19:11:22','2014-02-02 19:11:22'),(295,39,1,'debola1','mac','lipstick','candy kane',1,'2',3,'','300','0',0,'900','2014-02-02 19:11:42','2014-02-02 19:11:42'),(296,39,1,'debola1','mac','lipstick','candy kane',3,'-2',1,'','300','0',0,'300','2014-02-02 19:12:36','2014-02-02 19:12:36'),(297,39,1,'debola1','mac','lipstick','candy kane',1,'1',2,'','300','0',0,'600','2014-02-02 19:14:33','2014-02-02 19:14:33'),(298,39,1,'debola1','mac','lipstick','candy kane',2,'-1',1,'','300','0',0,'300','2014-02-02 19:15:07','2014-02-02 19:15:07'),(299,39,1,'debola1','mac','lipstick','candy kane',1,'1',2,'','300','0',0,'600','2014-02-02 19:15:35','2014-02-02 19:15:35'),(300,39,1,'debola1','mac','lipstick','candy kane',2,'-1',1,'','300','0',0,'300','2014-02-02 19:16:08','2014-02-02 19:16:08'),(301,39,1,'debola1','mac','lipstick','candy kane',1,'1',2,'','300','0',0,'600','2014-02-02 19:18:48','2014-02-02 19:18:48'),(302,39,1,'debola1','mac','lipstick','candy kane',2,'0',2,'','200','0',0,'400','2014-02-02 19:20:05','2014-02-02 19:20:05'),(303,41,1,'debola1','mac','lipstick','pencil',0,'500',500,'','','0',0,'0','2014-02-02 19:22:50','2014-02-02 19:22:50'),(304,41,1,'debola1','mac','lipstick','pencil',500,'0',500,'','600','0',0,'300000','2014-02-02 19:23:21','2014-02-02 19:23:21'),(305,41,2,'debola1','mac','lipstick','pencil',500,'0',500,'','300','0',0,'150000','2014-02-02 19:24:10','2014-02-02 19:24:10'),(306,40,1,'debola1','mac','lipstick','fusha',6,'10',16,'','12000','2',11760,'188160','2014-02-02 20:19:32','2014-02-02 20:19:32'),(307,40,1,'debola1','mac','lipstick','fusha',16,'4',20,'','12000','2',11760,'235200','2014-02-02 20:19:46','2014-02-02 20:19:46'),(308,41,1,'debola1','mac','lipstick','pencil',500,'0',500,'','600','10',540,'270000','2014-02-02 20:43:10','2014-02-02 20:43:10'),(309,39,1,'debola1','mac','lipstick','candy kane',2,'0',2,'','300','0',0,'600','2014-02-02 21:15:41','2014-02-02 21:15:41'),(310,39,1,'debola1','mac','lipstick','candy kane',2,'0',2,'','250','0',0,'500','2014-02-02 21:17:38','2014-02-02 21:17:38'),(311,40,1,'debola1','mac','lipstick','fusha',20,'50',70,'','12000','2',11760,'823200','2014-02-02 21:34:31','2014-02-02 21:34:31'),(312,40,1,'debola1','mac','lipstick','fusha',70,'0',70,'','500','2',490,'34300','2014-02-02 21:36:32','2014-02-02 21:36:32'),(313,40,1,'debola1','mac','lipstick','fusha',70,'0',70,'','5000.00','2',4900,'343000','2014-02-02 21:37:02','2014-02-02 21:37:02'),(314,40,2,'debola1','mac','lipstick','fusha',70,'0',70,'','3500.00','0',0,'245000','2014-02-02 21:38:06','2014-02-02 21:38:06'),(315,39,2,'debola1','mac','lipstick','candy kane',2,'0',2,'','180','0',0,'360','2014-02-02 21:38:18','2014-02-02 21:38:18'),(316,34,1,'debola1','glamour56 makeup','lips','tiss',64,'0',64,'','299.00','0',0,'19136','2014-02-02 22:01:59','2014-02-02 22:01:59'),(317,37,1,'debola1','glamour56 makeup','lips','sleek kinky lipgloss',3,'50',53,'','1300','5',1235,'65455','2014-02-03 08:46:32','2014-02-03 08:46:32'),(318,42,1,'debola1','sample data','add1','sick thems',0,'29',29,'','','0',0,'0','2014-02-06 22:35:53','2014-02-06 22:35:53'),(319,42,1,'debola1','sample data','add1','sick thems',29,'0',29,'','','0',0,'0','2014-02-06 22:36:00','2014-02-06 22:36:00'),(320,42,1,'debola1','sample data','add1','sick thems',29,'2',31,'','','0',0,'0','2014-02-06 22:36:09','2014-02-06 22:36:09'),(321,42,1,'debola1','sample data','add1','sick thems',31,'-30',1,'','','0',0,'0','2014-02-06 22:36:29','2014-02-06 22:36:29'),(322,42,1,'debola1','sample data','add1','sick thems',1,'20',21,'','','0',0,'0','2014-02-06 22:37:01','2014-02-06 22:37:01'),(323,42,1,'debola1','sample data','add1','sick thems',21,'-10',11,'','','0',0,'0','2014-02-06 22:37:19','2014-02-06 22:37:19'),(324,43,1,'debola1','sample data','add1','thdms',0,'0',0,'','','0',0,'0','2014-02-06 22:41:51','2014-02-06 22:41:51'),(325,44,1,'debola1','sample data','add1','fesh',0,'0',0,'','','0',0,'0','2014-02-06 22:42:51','2014-02-06 22:42:51'),(326,45,1,'debola1','sample data','add1','ye',0,'0',0,'','','0',0,'0','2014-02-06 22:44:52','2014-02-06 22:44:52'),(327,45,1,'debola1','sample data','add1','ye',0,'0',0,'','','0',0,'0','2014-02-06 22:45:04','2014-02-06 22:45:04'),(328,46,1,'debola1','sample data','add1','d',0,'0',0,'','','0',0,'0','2014-02-06 22:48:41','2014-02-06 22:48:41'),(329,47,1,'debola1','sample data','add1','sd',0,'0',0,'','','0',0,'0','2014-02-06 22:49:57','2014-02-06 22:49:57'),(330,48,1,'debola1','sample data','add1','dfds',0,'0',0,'','','0',0,'0','2014-02-06 22:51:11','2014-02-06 22:51:11'),(331,52,1,'debola1','sample data','add1','sff',0,'0',0,'','','0',0,'0','2014-02-06 22:54:35','2014-02-06 22:54:35'),(332,51,1,'debola1','sample data','add1','dka',0,'0',0,'','','0',0,'0','2014-02-06 22:54:40','2014-02-06 22:54:40'),(333,50,1,'debola1','sample data','add1','thel',0,'0',0,'','','0',0,'0','2014-02-06 22:54:44','2014-02-06 22:54:44'),(334,49,1,'debola1','sample data','add1','the',0,'0',0,'','','0',0,'0','2014-02-06 22:54:51','2014-02-06 22:54:51'),(335,37,1,'debola1','glamour56 makeup','lips','sleek kinky lipgloss',53,'0',53,'18309.89','_price','_discount',0,'_totalPrice','2014-02-07 16:22:26','2014-02-07 16:22:26'),(336,37,1,'debola1','glamour56 makeup','lips','sleek kinky lipgloss',53,'0',53,'1290.00','1500.00','5',1425,'75525','2014-02-07 16:30:36','2014-02-07 16:30:36'),(337,37,1,'debola1','glamour56 makeup','lips','sleek kinky lipgloss',53,'0',53,'1290.00','1500.00','5',1425,'75525','2014-02-07 16:30:52','2014-02-07 16:30:52'),(338,37,1,'debola1','glamour56 makeup','lips','sleek kinky lipgloss',53,'0',53,'1100.00','1500.00','5',1425,'75525','2014-02-07 16:31:04','2014-02-07 16:31:04'),(339,37,1,'debola1','glamour56 makeup','lips','sleek kinky lipgloss',53,'0',53,'100.00','1500.00','5',1425,'75525','2014-02-07 16:32:12','2014-02-07 16:32:12'),(340,37,1,'debola1','glamour56 makeup','lips','sleek kinky lipgloss',53,'0',53,'1700.00','1500.00','5',1425,'75525','2014-02-07 16:33:08','2014-02-07 16:33:08'),(341,37,1,'debola1','glamour56 makeup','lips','sleek kinky lipgloss',53,'0',53,'1000.00','1500.00','5',1425,'75525','2014-02-07 16:34:44','2014-02-07 16:34:44'),(342,41,1,'debola1','mac','lipstick','pencil',500,'0',500,'100','600','0',0,'300000','2014-02-11 20:25:51','2014-02-11 20:25:51'),(343,42,1,'debola1','mac','lipstick','liquid liner',0,'10',10,'0','','0',0,'0','2014-04-27 07:13:54','2014-04-27 07:13:54'),(344,42,1,'debola1','mac','lipstick','liquid liner',10,'0',10,'0','','0',0,'0','2014-04-27 07:14:02','2014-04-27 07:14:02'),(345,42,1,'debola1','mac','lipstick','liquid liner',10,'0',10,'0','300.00','0',0,'3000','2014-04-27 07:14:13','2014-04-27 07:14:13'),(346,42,1,'debola1','mac','lipstick','liquid liner',10,'0',10,'150.00','300.00','0',0,'3000','2014-04-27 07:15:03','2014-04-27 07:15:03'),(347,42,2,'debola1','mac','lipstick','liquid liner',10,'0',10,'1500.00','','0',0,'','2014-04-27 07:17:24','2014-04-27 07:17:24'),(348,42,2,'debola1','mac','lipstick','liquid liner',10,'0',10,'150.00','','0',0,'','2014-04-27 07:17:38','2014-04-27 07:17:38'),(349,42,2,'debola1','mac','lipstick','liquid liner',10,'0',10,'150.00','250.00','0',0,'2500','2014-04-27 07:20:31','2014-04-27 07:20:31'),(350,41,1,'debola1','mac','lipstick','pencil',489,'-479',10,'100','600','0',0,'6000','2014-05-02 09:15:15','2014-05-02 09:15:15'),(351,42,1,'debola1','mac','lipstick','liquid liner',3,'1',4,'150.00','300.00','0',0,'1200','2014-05-02 09:15:56','2014-05-02 09:15:56'),(352,41,1,'debola1','mac','lipstick','pencil',7,'0',7,'10.00','600','0',0,'4200','2014-05-02 10:40:33','2014-05-02 10:40:33'),(353,41,1,'debola1','mac','lipstick','pencil',7,'0',7,'100.00','600','0',0,'4200','2014-05-02 10:40:39','2014-05-02 10:40:39'),(354,43,1,'debola1','mac','lipstick','devil may cry',0,'100',100,'0','','0',0,'0','2014-05-02 10:45:13','2014-05-02 10:45:13'),(355,43,1,'debola1','mac','lipstick','devil may cry',100,'0',100,'0','12000.00','0',0,'1200000','2014-05-02 10:45:21','2014-05-02 10:45:21'),(356,43,1,'debola1','mac','lipstick','devil may cry',100,'0',100,'5000.00','12000.00','0',0,'1200000','2014-05-02 10:45:40','2014-05-02 10:45:40'),(357,43,2,'debola1','mac','lipstick','devil may cry',100,'0',100,'5000.00','9500.00','0',0,'950000','2014-05-02 10:46:19','2014-05-02 10:46:19'),(358,51,1,'debola1','mac','lipstick','metal gear solid zero',0,'0',0,'0','8300.00','0',0,'0','2014-05-02 11:08:16','2014-05-02 11:08:16'),(359,51,1,'debola1','mac','lipstick','metal gear solid zero',0,'39',39,'0','8300.00','0',0,'323700','2014-05-02 11:08:22','2014-05-02 11:08:22'),(360,51,1,'debola1','mac','lipstick','metal gear solid zero',39,'1',40,'0','8300.00','0',0,'332000','2014-05-02 11:08:31','2014-05-02 11:08:31'),(361,51,1,'debola1','mac','lipstick','metal gear solid zero',40,'60',100,'0','8300.00','0',0,'830000','2014-05-02 11:08:41','2014-05-02 11:08:41'),(362,51,1,'debola1','mac','lipstick','metal gear solid zero',100,'0',100,'3800.00','8300.00','0',0,'830000','2014-05-02 11:08:55','2014-05-02 11:08:55'),(363,51,1,'debola1','mac','lipstick','metal gear solid zero',50,'0',50,'3800.00','8300.00','10',7470,'373500','2014-05-02 11:54:13','2014-05-02 11:54:13'),(364,51,2,'debola1','mac','lipstick','metal gear solid zero',50,'0',50,'3800.00','10000.00','0',0,'500000','2014-05-02 11:55:37','2014-05-02 11:55:37'),(365,51,1,'debola1','mac','lipstick','metal gear solid zero',10,'0',10,'300.00','8300.00','10',7470,'74700','2014-05-02 12:30:46','2014-05-02 12:30:46'),(366,51,1,'debola1','mac','lipstick','metal gear solid zero',10,'0',10,'3000.00','8300.00','10',7470,'74700','2014-05-02 12:30:56','2014-05-02 12:30:56'),(367,51,1,'debola1','mac','lipstick','metal gear solid zero',10,'0',10,'3000.00','8300.00','10',7470,'74700','2014-05-02 12:43:31','2014-05-02 12:43:31'),(368,51,1,'debola1','mac','lipstick','metal gear solid zero',7,'0',7,'3000.00','8300.00','10',7470,'52290','2014-05-02 12:44:29','2014-05-02 12:44:29'),(369,43,1,'debola1','mac','lipstick','devil may cry',100,'0',100,'5000.00','12000.00','0',0,'1200000','2014-05-02 12:44:39','2014-05-02 12:44:39'),(370,51,1,'debola1','mac','lipstick','metal gear solid zero',7,'20',27,'3000.00','8300.00','10',7470,'201690','2014-05-02 12:44:58','2014-05-02 12:44:58'),(371,51,1,'debola1','mac','lipstick','metal gear solid zero',27,'0',27,'3000.00','8300.00','10',7470,'201690','2014-05-02 12:45:04','2014-05-02 12:45:04'),(372,51,1,'debola1','mac','lipstick','metal gear solid zero',27,'0',27,'3000.00','8300.00','10',7470,'201690','2014-05-02 12:46:57','2014-05-02 12:46:57'),(373,51,1,'debola1','mac','lipstick','metal gear solid zero',27,'0',27,'3000.00','8300.00','10',7470,'201690','2014-05-02 12:47:05','2014-05-02 12:47:05'),(374,51,1,'debola1','mac','lipstick','metal gear solid zero',27,'0',27,'3000.00','8300.00','10',7470,'201690','2014-05-02 12:47:17','2014-05-02 12:47:17'),(375,51,1,'debola1','mac','lipstick','metal gear solid zero',27,'0',27,'3000.00','8300.00','10',7470,'201690','2014-05-02 12:47:24','2014-05-02 12:47:24'),(376,51,1,'debola1','mac','lipstick','metal gear solid zero',27,'0',27,'3000.00','8300.00','10',7470,'201690','2014-05-02 12:47:50','2014-05-02 12:47:50'),(377,51,1,'debola1','mac','lipstick','metal gear solid zero',27,'0',27,'3000.00','8300.00','10',7470,'201690','2014-05-02 12:47:54','2014-05-02 12:47:54'),(378,51,1,'debola1','mac','lipstick','metal gear solid zero',27,'0',27,'3000.00','8300.00','10',7470,'201690','2014-05-02 12:49:59','2014-05-02 12:49:59'),(379,51,1,'debola1','mac','lipstick','metal gear solid zero',27,'0',27,'3000.00','8300.00','10',7470,'201690','2014-05-02 12:50:01','2014-05-02 12:50:01'),(380,51,1,'debola1','mac','lipstick','metal gear solid zero',27,'0',27,'3000.00','8300.00','10',7470,'201690','2014-05-02 12:53:55','2014-05-02 12:53:55'),(381,51,1,'debola1','mac','lipstick','metal gear solid zero',27,'0',27,'3000.00','8300.00','10',7470,'201690','2014-05-02 12:53:58','2014-05-02 12:53:58'),(382,51,1,'debola1','mac','lipstick','metal gear solid zero',27,'0',27,'3000.00','8300.00','10',7470,'201690','2014-05-02 13:50:38','2014-05-02 13:50:38'),(383,51,1,'debola1','mac','lipstick','metal gear solid zero',27,'0',27,'3000.00','8300.00','10',7470,'201690','2014-05-02 13:50:41','2014-05-02 13:50:41'),(384,51,1,'debola1','mac','lipstick','metal gear solid zero',27,'0',27,'3000.00','8300.00','10',7470,'201690','2014-05-02 13:59:17','2014-05-02 13:59:17'),(385,51,1,'debola1','mac','lipstick','metal gear solid zero',27,'0',27,'3000.00','8300.00','10',7470,'201690','2014-05-02 13:59:23','2014-05-02 13:59:23'),(386,51,1,'debola1','mac','lipstick','metal gear solid zero',27,'0',27,'3000.00','8300.00','10',7470,'201690','2014-05-02 13:59:25','2014-05-02 13:59:25'),(387,51,1,'debola1','mac','lipstick','metal gear solid zero',27,'0',27,'3000.00','8300.00','10',7470,'201690','2014-05-02 14:02:50','2014-05-02 14:02:50'),(388,51,1,'debola1','mac','lipstick','metal gear solid zero',27,'0',27,'3000.00','8300.00','10',7470,'201690','2014-05-02 14:02:52','2014-05-02 14:02:52'),(389,49,1,'debola1','mac','lipstick','resident evil 5',0,'0',0,'0','100.00','0',0,'0','2014-05-03 20:25:51','2014-05-03 20:25:51'),(390,49,1,'debola1','mac','lipstick','resident evil 5',0,'0',0,'0','200.00','0',0,'0','2014-05-03 20:26:34','2014-05-03 20:26:34'),(391,55,1,'debola1','mac','lipstick','simb',0,'2003',2003,'0','','0',0,'0','2014-05-07 11:43:35','2014-05-07 11:43:35'),(392,55,1,'debola1','mac','lipstick','simb',2003,'0',2003,'0','100.00','0',0,'200300','2014-05-07 11:43:42','2014-05-07 11:43:42'),(393,55,1,'debola1','mac','lipstick','simb',2003,'0',2003,'30.00','100.00','0',0,'200300','2014-05-07 11:43:59','2014-05-07 11:43:59'),(394,54,1,'debola1','mac','lipstick','scresh',0,'0',0,'0','1300.00','0',0,'0','2014-05-07 11:44:51','2014-05-07 11:44:51'),(395,54,1,'debola1','mac','lipstick','scresh',0,'50',50,'0','1300.00','0',0,'65000','2014-05-07 11:45:00','2014-05-07 11:45:00'),(396,54,1,'debola1','mac','lipstick','scresh',50,'0',50,'30.00','1300.00','0',0,'65000','2014-05-07 11:45:08','2014-05-07 11:45:08'),(397,55,2,'debola1','mac','lipstick','simb',2003,'0',2003,'30.00','600.00','0',0,'1201800','2014-05-07 12:02:39','2014-05-07 12:02:39'),(398,54,1,'debola1','mac','lipstick','scresh',50,'0',50,'20.00','1300.00','0',0,'65000','2014-05-07 12:08:06','2014-05-07 12:08:06'),(399,54,1,'debola1','mac','lipstick','scresh',50,'0',50,'20.00','1300.00','0',0,'65000','2014-05-07 12:10:09','2014-05-07 12:10:09'),(400,54,1,'debola1','mac','lipstick','scresh',50,'0',50,'10.00','1300.00','0',0,'65000','2014-05-07 12:11:02','2014-05-07 12:11:02'),(401,54,1,'debola1','mac','lipstick','scresh',50,'0',50,'15.00','1300.00','0',0,'65000','2014-05-07 12:11:39','2014-05-07 12:11:39'),(402,54,1,'debola1','mac','lipstick','scresh',50,'0',50,'26.00','1300.00','0',0,'65000','2014-05-07 12:12:05','2014-05-07 12:12:05'),(403,54,1,'debola1','mac','lipstick','scresh',50,'0',50,'50.00','1300.00','0',0,'65000','2014-05-07 12:13:08','2014-05-07 12:13:08'),(404,54,1,'debola1','mac','lipstick','scresh',50,'0',50,'40.00','1300.00','0',0,'65000','2014-05-07 12:14:11','2014-05-07 12:14:11'),(405,54,1,'debola1','mac','lipstick','scresh',50,'0',50,'30.00','1300.00','0',0,'65000','2014-05-07 12:14:29','2014-05-07 12:14:29'),(406,54,1,'debola1','mac','lipstick','scresh',50,'0',50,'50.00','1300.00','0',0,'65000','2014-05-07 12:18:52','2014-05-07 12:18:52'),(407,53,1,'debola1','mac','lipstick','denim',0,'200',200,'0','','0',0,'0','2014-05-08 09:28:41','2014-05-08 09:28:41'),(408,53,1,'debola1','mac','lipstick','denim',200,'0',200,'0','1500.00','0',0,'300000','2014-05-08 09:28:46','2014-05-08 09:28:46'),(409,53,1,'debola1','mac','lipstick','denim',200,'0',200,'200.00','1500.00','0',0,'300000','2014-05-08 09:28:50','2014-05-08 09:28:50'),(410,55,1,'debola1','mac','lipstick','simb',2003,'0',2003,'10.10','100.00','0',0,'200300','2014-05-11 19:19:58','2014-05-11 19:19:58'),(411,55,1,'debola1','mac','lipstick','simb',2003,'0',2003,'120.00','100.0000','0',0,'200300.0000','2014-05-12 20:57:29','2014-05-12 20:57:29'),(412,55,1,'debola1','mac','lipstick','simb',2003,'0',2003,'50.00','100.0000','0',0,'200300.0000','2014-05-12 20:57:53','2014-05-12 20:57:53'),(413,55,1,'debola1','mac','lipstick','simb',2003,'0',2003,'50.80','100.0000','0',0,'200300.0000','2014-05-12 20:58:01','2014-05-12 20:58:01'),(414,55,1,'debola1','mac','lipstick','simb',2003,'1',1,'50.8000','100.0000','0',0,'100','2014-05-12 21:52:00','2014-05-12 21:52:00'),(415,55,1,'debola1','mac','lipstick','simb',1,'3',3,'50.8000','100.0000','0',0,'300','2014-05-12 21:54:54','2014-05-12 21:54:54'),(416,55,1,'debola1','mac','lipstick','simb',3,'4',7,'50.8000','100.0000','0',0,'700','2014-05-12 22:14:46','2014-05-12 22:14:46'),(417,55,1,'debola1','mac','lipstick','simb',7,'1',8,'50.8000','100.0000','0',0,'800','2014-05-12 22:17:15','2014-05-12 22:17:15'),(418,55,1,'debola1','mac','lipstick','simb',8,'2',2,'50.8000','100.0000','0',0,'200','2014-05-12 22:25:58','2014-05-12 22:25:58'),(419,55,1,'debola1','mac','lipstick','simb',2,'10',10,'50.8000','100.0000','0',0,'1000','2014-05-12 22:26:11','2014-05-12 22:26:11'),(420,55,1,'debola1','mac','lipstick','simb',10,'1',11,'50.8000','100.0000','0',0,'1100','2014-05-12 22:28:06','2014-05-12 22:28:06'),(421,55,1,'debola1','mac','lipstick','simb',11,'1',10,'50.8000','100.0000','0',0,'1000','2014-05-12 22:28:40','2014-05-12 22:28:40'),(422,55,1,'debola1','mac','lipstick','simb',10,'0',0,'50.8000','100.0000','0',0,'0','2014-05-12 22:28:57','2014-05-12 22:28:57'),(423,55,1,'debola1','mac','lipstick','simb',0,'89',89,'50.8000','100.0000','0',0,'8900','2014-05-12 22:29:36','2014-05-12 22:29:36'),(424,55,1,'debola1','mac','lipstick','simb',89,'0',8,'50.8000','100.0000','0',0,'800','2014-05-12 22:33:15','2014-05-12 22:33:15'),(425,55,1,'debola1','mac','lipstick','simb',8,'0',20,'50.8000','100.0000','0',0,'2000','2014-05-12 22:33:30','2014-05-12 22:33:30'),(426,55,1,'debola1','mac','lipstick','simb',20,'10',10,'50.8000','100.0000','0',0,'1000','2014-05-12 22:34:28','2014-05-12 22:34:28'),(427,55,1,'debola1','mac','lipstick','simb',10,'15',15,'50.8000','100.0000','0',0,'1500','2014-05-12 22:35:03','2014-05-12 22:35:03'),(428,55,1,'debola1','mac','lipstick','simb',15,'3',18,'50.8000','100.0000','0',0,'1800','2014-05-12 22:35:19','2014-05-12 22:35:19'),(429,55,1,'debola1','mac','lipstick','simb',18,'8',10,'50.8000','100.0000','0',0,'1000','2014-05-12 22:35:39','2014-05-12 22:35:39'),(430,55,1,'debola1','mac','lipstick','simb',10,'39',49,'50.8000','100.0000','0',0,'4900','2014-05-12 22:36:19','2014-05-12 22:36:19'),(431,55,1,'debola1','mac','lipstick','simb',49,'0',49,'5.00','100.0000','0',0,'4900.0000','2014-05-12 22:36:27','2014-05-12 22:36:27'),(432,55,1,'debola1','mac','lipstick','simb',49,'0',49,'50.00','100.0000','0',0,'4900.0000','2014-05-12 22:36:30','2014-05-12 22:36:30'),(433,55,1,'debola1','mac','lipstick','simb',49,'10',59,'50.0000','100.0000','0',0,'5900','2014-05-12 22:37:33','2014-05-12 22:37:33'),(434,55,1,'debola1','mac','lipstick','simb',59,'59',118,'50.0000','100.0000','0',0,'11800','2014-05-12 22:37:45','2014-05-12 22:37:45'),(435,55,1,'debola1','mac','lipstick','simb',118,'10',10,'50.0000','100.0000','0',0,'1000','2014-05-12 22:37:54','2014-05-12 22:37:54'),(436,55,1,'debola1','mac','lipstick','simb',10,'10',20,'50.0000','100.0000','0',0,'2000','2014-05-12 22:40:13','2014-05-12 22:40:13'),(437,55,1,'debola1','mac','lipstick','simb',20,'2',22,'50.0000','100.0000','0',0,'2200','2014-05-12 22:44:36','2014-05-12 22:44:36'),(438,55,1,'debola1','mac','lipstick','simb',22,'1',21,'50.0000','100.0000','0',0,'2100','2014-05-12 22:45:09','2014-05-12 22:45:09'),(439,64,1,'debola1','mac','home services','barbin',0,'0',0,'0.0000','20038.00','0',0,'0','2014-05-26 12:30:36','2014-05-26 12:30:36'),(440,64,1,'debola1','mac','home services','barbin',0,'0',0,'0.0000','20038.0000','50',10019,'0','2014-05-26 12:32:58','2014-05-26 12:32:58'),(441,63,1,'debola1','mac','home services','hairdo',0,'0',0,'0.0000','0.0000','50',0,'0','2014-05-26 12:34:03','2014-05-26 12:34:03'),(442,63,1,'debola1','mac','home services','hairdo',0,'0',0,'0.0000','1000.00','50',500,'0','2014-05-26 12:34:10','2014-05-26 12:34:10'),(443,63,1,'debola1','mac','home services','hair',0,'0',0,'0.0000','1000.0000','10',900,'0','2014-05-26 12:36:50','2014-05-26 12:36:50'),(444,63,1,'debola1','mac','home services','hair',0,'0',0,'0.0000','1000.0000','15',850,'0','2014-05-26 12:37:02','2014-05-26 12:37:02'),(445,63,1,'debola1','mac','home services','hair',0,'0',0,'0.0000','1000.0000','10',900,'0','2014-05-26 13:18:39','2014-05-26 13:18:39'),(446,63,1,'debola1','mac','home services','hair',0,'0',0,'0.0000','1000.0000','20',800,'800','2014-05-26 13:20:16','2014-05-26 13:20:16'),(447,63,1,'debola1','mac','home services','hair',0,'0',0,'0.0000','1000.0000','50',500,'500','2014-05-26 13:20:41','2014-05-26 13:20:41'),(448,63,1,'debola1','mac','home services','hair',0,'0',0,'0.0000','1000.0000','30',700,'700','2014-05-26 13:24:17','2014-05-26 13:24:17'),(449,64,1,'debola1','mac','home services','barbinx',0,'0',0,'0.0000','20038.0000','0',0,'20038','2014-05-26 13:24:32','2014-05-26 13:24:32'),(450,63,1,'debola1','mac','home services','hair',0,'0',0,'0.0000','20000.00','30',14000,'14000','2014-05-26 13:24:47','2014-05-26 13:24:47'),(451,63,1,'debola1','mac','home services','hair',0,'0',0,'0.0000','20000.0000','0',0,'20000','2014-05-26 14:25:15','2014-05-26 14:25:15'),(452,63,1,'debola1','mac','home services','hair',0,'0',0,'0.0000','20000.0000','8',18400,'18400','2014-05-26 14:25:42','2014-05-26 14:25:42'),(453,61,1,'debola1','mac','lipstick','gof of war 3',0,'89',89,'0.0000','0.0000','0',0,'0','2014-06-03 21:50:53','2014-06-03 21:50:53'),(454,61,1,'debola1','mac','lipstick','gof of war 3',89,'10',10,'0.0000','0.0000','0',0,'0','2014-06-03 21:51:03','2014-06-03 21:51:03'),(455,61,1,'debola1','mac','lipstick','gof of war 3',10,'0',10,'0.0000','0.0000','0',0,'0','2014-06-03 21:51:18','2014-06-03 21:51:18'),(456,61,1,'debola1','mac','lipstick','gof of war 3',10,'0',10,'0.0000','0.0000','0',0,'0','2014-06-03 21:51:22','2014-06-03 21:51:22'),(457,61,1,'debola1','mac','lipstick','gof of war 3',10,'0',10,'0.0000','13000.00','0',0,'130000','2014-06-03 21:51:31','2014-06-03 21:51:31'),(458,61,1,'debola1','mac','lipstick','gof of war 3',10,'0',10,'8000.00','13000.0000','0',0,'130000.0000','2014-06-03 21:51:37','2014-06-03 21:51:37'),(459,62,1,'debola1','mac','lipstick','killzone 3 playstation 3',0,'5',5,'0.0000','0.0000','0',0,'0','2014-06-03 21:54:28','2014-06-03 21:54:28'),(460,62,1,'debola1','mac','lipstick','killzone 3 playstation 3',5,'0',5,'0.0000','0.0000','0',0,'0','2014-06-03 21:54:33','2014-06-03 21:54:33'),(461,62,1,'debola1','mac','lipstick','killzone 3 playstation 3',5,'0',5,'0.0000','18000.00','0',0,'90000','2014-06-03 21:54:40','2014-06-03 21:54:40'),(462,62,1,'debola1','mac','lipstick','killzone 3 playstation 3',5,'0',5,'11000.00','18000.0000','0',0,'90000.0000','2014-06-03 21:54:49','2014-06-03 21:54:49'),(463,62,1,'debola1','mac','lipstick','killzone 3 playstation 3',2,'3',5,'11000.0000','18000.0000','0',0,'90000','2014-06-03 22:07:17','2014-06-03 22:07:17'),(464,61,1,'debola1','mac','lipstick','god of war 3',4,'6',10,'8000.0000','13000.0000','0',0,'130000','2014-06-03 22:07:23','2014-06-03 22:07:23'),(465,52,1,'debola1','mac','lipstick','bronze juice',0,'29',29,'0.0000','0.0000','0',0,'0','2014-06-04 07:37:07','2014-06-04 07:37:07'),(466,52,1,'debola1','mac','lipstick','bronze juice',29,'0',29,'0.0000','1089.00','0',0,'31581','2014-06-04 07:37:22','2014-06-04 07:37:22'),(467,52,1,'debola1','mac','lipstick','bronze juice',29,'0',29,'800.00','1089.0000','0',0,'31581.0000','2014-06-04 07:37:29','2014-06-04 07:37:29'),(468,65,1,'debola1','services','demo2','hair grooming',0,'0',0,'0.0000','2000.00','0',0,'2000','2014-07-26 08:25:09','2014-07-26 08:25:09'),(469,61,2,'debola1','mac','lipstick','god of war 3',1,'0',1,'8000.0000','12000.00','0',0,'12000','2014-07-31 03:34:03','2014-07-31 03:34:03'),(470,61,2,'debola1','mac','lipstick','god of war 3',1,'10',11,'8000.0000','12000.0000','0',0,'132000','2014-07-31 03:34:16','2014-07-31 03:34:16'),(471,61,2,'debola1','mac','lipstick','god of war 3',11,'30',41,'8000.0000','12000.0000','0',0,'492000','2014-07-31 03:34:32','2014-07-31 03:34:32'),(472,62,2,'debola1','mac','lipstick','killzone 3 playstation 3',0,'90',90,'11000.0000','0.0000','0',0,'0','2014-07-31 03:34:59','2014-07-31 03:34:59'),(473,62,2,'debola1','mac','lipstick','killzone 3 playstation 3',90,'0',90,'11000.0000','15500.00','0',0,'1395000','2014-07-31 03:35:06','2014-07-31 03:35:06'),(474,64,1,'debola1','mac','home services','hair',0,'',0,'0.0000','30038.0000','12',26433,'26433.4400','2014-08-01 06:45:10','2014-08-01 06:45:10'),(475,64,1,'debola1','mac','home services','hair',0,'',0,'0.0000','30038.0000','12',26433,'26433.4400','2014-08-01 06:45:24','2014-08-01 06:45:24'),(476,64,1,'debola1','mac','home services','hair',0,'',0,'0.0000','30038.0000','12',26433,'26433.4400','2014-08-01 06:47:21','2014-08-01 06:47:21'),(477,64,1,'debola1','mac','home services','hair',0,'',0,'0.0000','30038.0000','12',26433,'26433.4400','2014-08-01 06:47:46','2014-08-01 06:47:46'),(478,64,1,'debola1','mac','home services','barbinx',0,'',0,'0.0000','20038.00','12',17633,'17633.44','2014-08-01 06:52:22','2014-08-01 06:52:22'),(479,64,1,'debola1','mac','home services','barbinx',0,'',0,'0.0000','20038.0000','10',18034,'18034.2','2014-08-01 06:52:50','2014-08-01 06:52:50'),(480,66,1,'debola1','mac','home services','nail painting',0,'',0,'0.0000','2973.00','0',0,'2973.00','2014-08-01 06:54:20','2014-08-01 06:54:20'),(481,66,1,'debola1','mac','home services','nail painting',0,'',0,'0.0000','0.00','0',0,'0.00','2014-08-01 06:54:32','2014-08-01 06:54:32'),(482,66,1,'debola1','mac','home services','nail painting',0,'',0,'0.0000','0.0000','10',0,'0','2014-08-01 06:54:37','2014-08-01 06:54:37'),(483,66,1,'debola1','mac','home services','nail painting',0,'',0,'0.0000','9238.00','10',8314,'8314.2','2014-08-01 06:54:46','2014-08-01 06:54:46'),(484,56,1,'debola1','mac','niger raw','danzd',0,'',0,'0.0000','2934.00','0',0,'0','2014-08-01 06:58:49','2014-08-01 06:58:49'),(485,56,1,'debola1','mac','niger raw','danzd',0,'',1,'0.0000','2934.0000','0',0,'0.0000','2014-08-01 23:15:11','2014-08-01 23:15:11'),(486,62,1,'debola1','mac','lipstick','killzone 3 ps3',0,'',9,'10000.01','15000.0000','10',13500,'121500.0000','2014-08-07 20:51:51','2014-08-07 20:51:51'),(487,62,1,'debola1','mac','lipstick','killzone 3 ps3',0,'',9,'10000.00','15000.0000','10',13500,'121500.0000','2014-08-07 21:10:04','2014-08-07 21:10:04'),(488,62,1,'debola1','mac','lipstick','killzone 3 ps3',0,'',9,'16000.00','15000.0000','10',13500,'121500.0000','2014-08-07 21:52:37','2014-08-07 21:52:37'),(489,62,1,'debola1','mac','lipstick','killzone 3 ps3',0,'',9,'10000.00','15000.0000','10',13500,'121500.0000','2014-08-07 21:53:31','2014-08-07 21:53:31'),(490,62,1,'debola1','mac','lipstick','killzone 3 ps3',0,'',9,'16000.00','15000.0000','10',13500,'121500.0000','2014-08-07 21:54:33','2014-08-07 21:54:33'),(491,62,1,'debola1','mac','lipstick','killzone 3 ps3',0,'',9,'10000.00','15000.0000','10',13500,'121500.0000','2014-08-07 21:54:41','2014-08-07 21:54:41'),(492,62,1,'debola1','mac','lipstick','killzone 3 ps3',0,'',9,'16000.00','15000.0000','10',13500,'121500.0000','2014-08-07 21:55:39','2014-08-07 21:55:39'),(493,62,1,'debola1','mac','lipstick','killzone 3 ps3',0,'',9,'10000.00','15000.0000','10',13500,'121500.0000','2014-08-07 21:55:45','2014-08-07 21:55:45'),(494,62,1,'debola1','mac','lipstick','killzone 3 ps3',0,'',9,'16000.00','15000.0000','10',13500,'121500.0000','2014-08-07 21:58:32','2014-08-07 21:58:32'),(495,62,1,'debola1','mac','lipstick','killzone 3 ps3',0,'',9,'10000.00','15000.0000','10',13500,'121500.0000','2014-08-07 21:59:19','2014-08-07 21:59:19'),(496,62,1,'debola1','mac','lipstick','killzone 3 ps3',0,'',9,'16000.00','15000.0000','10',13500,'121500.0000','2014-08-07 21:59:30','2014-08-07 21:59:30'),(497,62,1,'debola1','mac','lipstick','killzone 3 ps3',0,'',9,'10000.00','15000.0000','10',13500,'121500.0000','2014-08-07 22:04:51','2014-08-07 22:04:51'),(498,62,1,'debola1','mac','lipstick','killzone 3 ps3',0,'',9,'19000.00','15000.0000','10',13500,'121500.0000','2014-08-07 22:09:54','2014-08-07 22:09:54'),(499,62,1,'debola1','mac','lipstick','killzone 3 ps3',0,'',9,'10000.00','15000.0000','10',13500,'121500.0000','2014-08-07 22:10:00','2014-08-07 22:10:00'),(500,62,1,'debola1','mac','lipstick','killzone 3 ps3',0,'',9,'10000.0000','5000.00','10',4500,'40500','2014-08-07 22:10:31','2014-08-07 22:10:31'),(501,62,1,'debola1','mac','lipstick','killzone 3 ps3',0,'',9,'10000.0000','15000.00','10',13500,'121500','2014-08-07 22:15:17','2014-08-07 22:15:17'),(502,62,1,'debola1','mac','lipstick','killzone 3 ps3',0,'',9,'10000.0000','5000.00','10',4500,'40500','2014-08-07 22:15:25','2014-08-07 22:15:25'),(503,62,1,'debola1','mac','lipstick','killzone 3 ps3',0,'',9,'2000.00','5000.0000','10',4500,'40500.0000','2014-08-07 22:17:50','2014-08-07 22:17:50'),(504,62,1,'debola1','mac','lipstick','killzone 3 ps3',0,'',9,'3000.00','5000.0000','10',4500,'40500.0000','2014-08-07 22:22:49','2014-08-07 22:22:49'),(505,62,1,'debola1','mac','lipstick','killzone 3 ps3',0,'',9,'4000.00','5000.0000','10',4500,'40500.0000','2014-08-07 22:23:49','2014-08-07 22:23:49'),(506,62,1,'debola1','mac','lipstick','killzone 3 ps3',0,'',9,'3000.00','5000.0000','10',4500,'40500.0000','2014-08-07 22:25:45','2014-08-07 22:25:45'),(507,62,1,'debola1','mac','lipstick','killzone 3 ps3',0,'',9,'3000.0000','7000.00','10',6300,'56700','2014-08-07 22:26:41','2014-08-07 22:26:41'),(508,62,1,'debola1','mac','lipstick','killzone 3 ps3',0,'',9,'1000.00','7000.0000','10',6300,'56700.0000','2014-08-07 22:27:02','2014-08-07 22:27:02'),(509,62,1,'debola1','mac','lipstick','killzone 3 ps3',0,'',9,'3000.00','7000.0000','10',6300,'56700.0000','2014-08-07 22:27:08','2014-08-07 22:27:08'),(510,62,1,'debola1','mac','lipstick','killzone 3 ps3',0,'',9,'2000.00','7000.0000','10',6300,'56700.0000','2014-08-07 22:29:51','2014-08-07 22:29:51'),(511,62,1,'debola1','mac','lipstick','killzone 3 ps3',0,'',9,'3000.00','7000.0000','10',6300,'56700.0000','2014-08-07 22:30:41','2014-08-07 22:30:41'),(512,62,1,'debola1','mac','lipstick','killzone 3 ps3',0,'',9,'2000.00','7000.0000','10',6300,'56700.0000','2014-08-07 22:33:22','2014-08-07 22:33:22'),(513,62,1,'debola1','mac','lipstick','killzone 3 ps3',0,'',9,'2000.0000','5000.00','10',4500,'40500','2014-08-07 22:33:29','2014-08-07 22:33:29'),(514,62,1,'debola1','mac','lipstick','killzone 3 ps3',0,'',9,'2000.0000','10000.00','10',9000,'81000','2014-08-07 22:33:57','2014-08-07 22:33:57'),(515,62,1,'debola1','mac','lipstick','killzone 3 ps3',0,'',9,'4000.00','10000.0000','10',9000,'81000.0000','2014-08-07 22:38:49','2014-08-07 22:38:49'),(516,62,1,'debola1','mac','lipstick','killzone 3 ps3',0,'',9,'4000.0000','5000.00','10',4500,'40500','2014-08-07 22:39:03','2014-08-07 22:39:03'),(517,62,1,'debola1','mac','lipstick','killzone 3 ps3',0,'',9,'4000.0000','6000.00','10',5400,'48600','2014-08-07 22:42:45','2014-08-07 22:42:45'),(518,62,1,'debola1','mac','lipstick','killzone 3 ps3',0,'',9,'4000.0000','6000.0000','0',6000,'54000','2014-08-07 22:43:07','2014-08-07 22:43:07'),(519,62,1,'debola1','mac','lipstick','killzone 3 ps3',0,'',9,'4000.0000','1000.00','0',0,'9000','2014-08-07 22:43:19','2014-08-07 22:43:19'),(520,62,1,'debola1','mac','lipstick','killzone 3 ps3',0,'',9,'4000.0000','2000.00','0',0,'18000','2014-08-07 22:45:19','2014-08-07 22:45:19'),(521,62,1,'debola1','mac','lipstick','killzone 3 ps3',0,'',9,'4000.0000','5000.00','0',0,'45000','2014-08-07 22:45:32','2014-08-07 22:45:32'),(522,62,1,'debola1','mac','lipstick','killzone 3 ps3',0,'',9,'1000.00','5000.0000','0',0,'45000.0000','2014-08-07 22:45:45','2014-08-07 22:45:45'),(523,62,1,'debola1','mac','lipstick','killzone 3 ps3',9,'',10,'1000.0000','5000.0000','0',0,'45000.0000','2014-08-07 22:45:58','2014-08-07 22:45:58'),(524,62,1,'debola1','mac','lipstick','killzone 3 ps3',0,'',10,'1000.0000','5000.0000','50',2500,'25000','2014-08-07 22:46:14','2014-08-07 22:46:14'),(525,62,1,'debola1','mac','lipstick','killzone 3 ps3',0,'',10,'1000.0000','5000.0000','0',5000,'50000','2014-08-07 22:46:46','2014-08-07 22:46:46'),(526,62,1,'debola1','mac','lipstick','killzone 3 ps3',0,'',10,'1000.0000','5000.0000','50',2500,'25000','2014-08-07 22:47:20','2014-08-07 22:47:20'),(527,62,1,'debola1','mac','lipstick','killzone 3 ps3',0,'',10,'1000.0000','5000.0000','0',5000,'50000','2014-08-07 22:47:26','2014-08-07 22:47:26'),(528,62,1,'debola1','mac','lipstick','killzone 3 ps3',0,'',10,'1000.0000','5000.0000','1',4950,'49500','2014-08-07 22:47:47','2014-08-07 22:47:47'),(529,62,1,'debola1','mac','lipstick','killzone 3 ps3',0,'',10,'1000.0000','5000.0000','0',5000,'50000','2014-08-07 22:48:18','2014-08-07 22:48:18'),(530,62,1,'debola1','mac','lipstick','killzone 3 ps3',0,'',10,'1000.0000','5000.0000','50',2500,'25000','2014-08-07 22:53:37','2014-08-07 22:53:37'),(531,62,1,'debola1','mac','lipstick','killzone 3 ps3',0,'',10,'1000.0000','5000.0000','0',5000,'50000','2014-08-07 22:53:42','2014-08-07 22:53:42'),(532,62,1,'debola1','mac','lipstick','killzone 3 ps3',0,'',10,'1000.0000','5000.0000','1',4950,'49500','2014-08-07 22:56:02','2014-08-07 22:56:02'),(533,62,1,'debola1','mac','lipstick','killzone 3 ps3',0,'',10,'1000.0000','5000.0000','0',5000,'50000','2014-08-07 22:56:05','2014-08-07 22:56:05'),(534,62,1,'debola1','mac','lipstick','killzone 3 ps3',0,'',10,'1000.0000','5000.0000','1',4950,'49500','2014-08-07 22:57:27','2014-08-07 22:57:27'),(535,62,1,'debola1','mac','lipstick','killzone 3 ps3',0,'',10,'1000.0000','5000.0000','0',0,'50000','2014-08-07 22:57:30','2014-08-07 22:57:30'),(536,62,1,'debola1','mac','lipstick','killzone 3 ps3',0,'',10,'2000.00','5000.0000','0',0,'50000.0000','2014-08-07 22:57:45','2014-08-07 22:57:45'),(537,62,1,'debola1','mac','lipstick','killzone 3 ps3',0,'',10,'2000.0000','5000.0000','50',2500,'25000','2014-08-07 22:57:52','2014-08-07 22:57:52'),(538,62,1,'debola1','mac','lipstick','killzone 3 ps3',0,'',10,'1000.00','5000.0000','50',2500,'25000.0000','2014-08-07 22:58:15','2014-08-07 22:58:15'),(539,62,1,'debola1','mac','lipstick','killzone 3 ps3',0,'',10,'1000.0000','10000.00','50',5000,'50000','2014-08-07 22:58:25','2014-08-07 22:58:25'),(540,62,1,'debola1','mac','lipstick','killzone 3 ps3',0,'',10,'2000.00','10000.0000','50',5000,'50000.0000','2014-08-07 23:08:30','2014-08-07 23:08:30'),(541,62,1,'debola1','mac','lipstick','killzone 3 ps3',0,'',10,'2000.0000','10000.0000','0',0,'100000','2014-08-07 23:08:35','2014-08-07 23:08:35'),(542,62,1,'debola1','mac','lipstick','killzone 3 ps3',0,'',10,'2000.0000','5000.00','0',0,'50000','2014-08-07 23:08:45','2014-08-07 23:08:45'),(543,62,1,'debola1','mac','lipstick','killzone 3 ps3',0,'',10,'6000.00','5000.0000','0',0,'50000.0000','2014-08-07 23:08:53','2014-08-07 23:08:53'),(544,62,1,'debola1','mac','lipstick','killzone 3 ps3',0,'',10,'2000.00','5000.0000','0',0,'50000.0000','2014-08-07 23:09:58','2014-08-07 23:09:58'),(545,62,1,'debola1','mac','lipstick','killzone 3 ps3',0,'',10,'6000.00','5000.0000','0',0,'50000.0000','2014-08-07 23:10:09','2014-08-07 23:10:09'),(546,62,1,'debola1','mac','lipstick','killzone 3 ps3',0,'',10,'6000.0000','9000.00','0',0,'90000','2014-08-07 23:10:21','2014-08-07 23:10:21'),(547,62,1,'debola1','mac','lipstick','killzone 3 ps3',0,'',10,'6000.0000','2000.00','0',0,'20000','2014-08-07 23:10:37','2014-08-07 23:10:37'),(548,62,1,'debola1','mac','lipstick','killzone 3 ps3',10,'',0,'6000.0000','2000.0000','0',0,'20000.0000','2014-08-07 23:10:43','2014-08-07 23:10:43'),(549,62,1,'debola1','mac','lipstick','killzone 3 ps3',0,'',10,'6000.0000','2000.0000','0',0,'0.0000','2014-08-07 23:11:08','2014-08-07 23:11:08'),(550,62,1,'debola1','mac','lipstick','killzone 3 ps3',0,'',10,'6000.0000','10000.00','0',0,'100000','2014-08-07 23:11:15','2014-08-07 23:11:15'),(551,62,1,'debola1','mac','lipstick','killzone 3 ps3',10,'',0,'6000.0000','10000.0000','0',0,'100000.0000','2014-08-07 23:18:00','2014-08-07 23:18:00'),(552,62,1,'debola1','mac','lipstick','killzone 3 ps3',0,'',10,'6000.0000','10000.0000','0',0,'0.0000','2014-08-07 23:23:50','2014-08-07 23:23:50'),(553,62,1,'debola1','mac','lipstick','killzone 3 ps3',10,'',0,'6000.0000','10000.0000','0',0,'100000.0000','2014-08-07 23:23:59','2014-08-07 23:23:59'),(554,62,1,'debola1','mac','lipstick','killzone 3 ps3',0,'',5,'6000.0000','10000.0000','0',0,'0.0000','2014-08-07 23:25:03','2014-08-07 23:25:03'),(555,62,1,'debola1','mac','lipstick','killzone 3 ps3',5,'',9,'6000.0000','10000.0000','0',0,'50000.0000','2014-08-07 23:25:09','2014-08-07 23:25:09'),(556,62,1,'debola1','mac','lipstick','killzone 3 ps3',9,'',10,'6000.0000','10000.0000','0',0,'90000.0000','2014-08-07 23:25:39','2014-08-07 23:25:39'),(557,62,1,'debola1','mac','lipstick','killzone 3 ps3',0,'',10,'5.00','10000.0000','0',0,'100000.0000','2014-08-07 23:26:52','2014-08-07 23:26:52'),(558,62,1,'debola1','mac','lipstick','killzone 3 ps3',0,'',10,'5000.00','10000.0000','0',0,'100000.0000','2014-08-07 23:26:58','2014-08-07 23:26:58'),(559,62,1,'debola1','mac','lipstick','killzone 3 ps3',0,'',10,'50000.00','10000.0000','0',0,'100000.0000','2014-08-07 23:27:07','2014-08-07 23:27:07'),(560,62,1,'debola1','mac','lipstick','killzone 3 ps3',0,'',10,'0.00','10000.0000','0',0,'100000.0000','2014-08-07 23:27:21','2014-08-07 23:27:21'),(561,62,1,'debola1','mac','lipstick','killzone 3 ps3',0,'',10,'40000.00','10000.0000','0',0,'100000.0000','2014-08-07 23:27:27','2014-08-07 23:27:27'),(562,62,1,'debola1','mac','lipstick','killzone 3 ps3',0,'',10,'4000.00','10000.0000','0',0,'100000.0000','2014-08-07 23:32:01','2014-08-07 23:32:01'),(563,62,1,'debola1','mac','lipstick','killzone 3 ps3',0,'',10,'40000.00','10000.0000','0',0,'100000.0000','2014-08-07 23:32:14','2014-08-07 23:32:14'),(564,62,1,'debola1','mac','lipstick','killzone 3 ps3',0,'',10,'41000.00','10000.0000','0',0,'100000.0000','2014-08-07 23:36:58','2014-08-07 23:36:58'),(565,62,1,'debola1','mac','lipstick','killzone 3 ps3',0,'',10,'40000.00','10000.0000','0',0,'100000.0000','2014-08-07 23:37:27','2014-08-07 23:37:27'),(566,62,1,'debola1','mac','lipstick','killzone 3 ps3',0,'',10,'42000.00','10000.0000','0',0,'100000.0000','2014-08-07 23:38:22','2014-08-07 23:38:22'),(567,62,1,'debola1','mac','lipstick','killzone 3 ps3',0,'',10,'40000.00','10000.0000','0',0,'100000.0000','2014-08-07 23:40:07','2014-08-07 23:40:07'),(568,62,1,'debola1','mac','lipstick','killzone 3 ps3',0,'',10,'41000.00','10000.0000','0',0,'100000.0000','2014-08-07 23:40:51','2014-08-07 23:40:51'),(569,62,1,'debola1','mac','lipstick','killzone 3 ps3',0,'',10,'40000.00','10000.0000','0',0,'100000.0000','2014-08-07 23:41:22','2014-08-07 23:41:22'),(570,62,1,'debola1','mac','lipstick','killzone 3 ps3',0,'',10,'41000.00','10000.0000','0',0,'100000.0000','2014-08-07 23:42:13','2014-08-07 23:42:13'),(571,62,1,'debola1','mac','lipstick','killzone 3 ps3',0,'',10,'40000.00','10000.0000','0',0,'100000.0000','2014-08-07 23:43:04','2014-08-07 23:43:04'),(572,62,1,'debola1','mac','lipstick','killzone 3 ps3',0,'',10,'41000.00','10000.0000','0',0,'100000.0000','2014-08-07 23:45:02','2014-08-07 23:45:02'),(573,62,1,'debola1','mac','lipstick','killzone 3 ps3',0,'',10,'4000.00','10000.0000','0',0,'100000.0000','2014-08-07 23:45:12','2014-08-07 23:45:12'),(574,62,1,'debola1','mac','lipstick','killzone 3 ps3',0,'',10,'40000000.00','10000.0000','0',0,'100000.0000','2014-08-07 23:45:25','2014-08-07 23:45:25'),(575,62,1,'debola1','mac','lipstick','killzone 3 ps3',0,'',10,'20000.00','10000.0000','0',0,'100000.0000','2014-08-07 23:46:51','2014-08-07 23:46:51'),(576,62,1,'debola1','mac','lipstick','killzone 3 ps3',0,'',10,'2000.00','10000.0000','0',0,'100000.0000','2014-08-07 23:46:59','2014-08-07 23:46:59'),(577,61,1,'debola1','mac','lipstick','god of war 3',0,'',80,'5000.0000','11000.00','10',9900,'792000','2014-08-14 16:41:59','2014-08-14 16:41:59'),(578,61,1,'debola1','mac','lipstick','god of war 3',0,'',80,'5000.0000','10000.00','10',9000,'720000','2014-08-14 16:42:23','2014-08-14 16:42:23'),(579,61,1,'debola1','mac','lipstick','god of war 3',0,'',80,'5000.0000','11000.00','10',9900,'792000','2014-08-14 16:42:37','2014-08-14 16:42:37'),(580,61,1,'debola1','mac','lipstick','god of war 3',0,'',80,'5000.0000','4000.00','10',3600,'288000','2014-08-14 16:43:03','2014-08-14 16:43:03'),(581,61,1,'debola1','mac','lipstick','god of war 3',0,'',80,'5000.0000','11000.00','10',9900,'792000','2014-08-14 16:43:32','2014-08-14 16:43:32');
/*!40000 ALTER TABLE `g56_stock_logs` ENABLE KEYS */;
UNLOCK TABLES;

--
-- Table structure for table `g56_systemsettings`
--

DROP TABLE IF EXISTS `g56_systemsettings`;
/*!40101 SET @saved_cs_client     = @@character_set_client */;
/*!40101 SET character_set_client = utf8 */;
CREATE TABLE `g56_systemsettings` (
  `id` int(10) unsigned NOT NULL AUTO_INCREMENT,
  `name` varchar(100) COLLATE utf8_unicode_ci NOT NULL,
  `registerednumber` varchar(50) COLLATE utf8_unicode_ci NOT NULL,
  `address` varchar(255) COLLATE utf8_unicode_ci NOT NULL,
  `phone` varchar(120) COLLATE utf8_unicode_ci NOT NULL,
  `email` varchar(100) COLLATE utf8_unicode_ci NOT NULL,
  `website` varchar(100) COLLATE utf8_unicode_ci NOT NULL,
  `dob_alert_day` tinyint(4) NOT NULL DEFAULT '1',
  `paymentmode` varchar(255) COLLATE utf8_unicode_ci NOT NULL,
  `receipt_paperwidth` int(11) NOT NULL,
  `receipt_note` varchar(255) COLLATE utf8_unicode_ci NOT NULL,
  `receipt_note_alignment` varchar(10) COLLATE utf8_unicode_ci NOT NULL DEFAULT 'Left',
  `receipt_note_fontsize` varchar(10) COLLATE utf8_unicode_ci NOT NULL DEFAULT 'Normal',
  `receipt_footer` varchar(255) COLLATE utf8_unicode_ci NOT NULL,
  `receipt_footer_alignment` varchar(10) COLLATE utf8_unicode_ci NOT NULL DEFAULT 'Left',
  `receipt_footer_fontsize` varchar(10) COLLATE utf8_unicode_ci NOT NULL DEFAULT 'Normal',
  `show_salesperson` tinyint(4) NOT NULL DEFAULT '1',
  `show_customerdetails` tinyint(4) NOT NULL DEFAULT '1',
  `show_paymentmode` tinyint(4) NOT NULL DEFAULT '1',
  `vat` smallint(2) NOT NULL,
  `created_at` timestamp NOT NULL DEFAULT '0000-00-00 00:00:00',
  `updated_at` timestamp NOT NULL DEFAULT '0000-00-00 00:00:00',
  PRIMARY KEY (`id`)
) ENGINE=InnoDB AUTO_INCREMENT=2 DEFAULT CHARSET=utf8 COLLATE=utf8_unicode_ci;
/*!40101 SET character_set_client = @saved_cs_client */;

--
-- Dumping data for table `g56_systemsettings`
--

LOCK TABLES `g56_systemsettings` WRITE;
/*!40000 ALTER TABLE `g56_systemsettings` DISABLE KEYS */;
INSERT INTO `g56_systemsettings` VALUES (1,'Glamour56 MakeupXX','Rc89454','No 6. Alexandria Crescent, Suite FF8, Berger Paint Plaza. Behind New Banex. Wuse 2. Abuja','08077379160','classic@glamour56.com','www.glamour56.com',30,'cash,pos,check,bank transfer',70,'All women can makeup!','center','inherit','Note: Any product bought in good condition are non refundable.','left','12px',1,0,0,0,'2013-10-08 17:12:21','2014-06-08 22:06:58');
/*!40000 ALTER TABLE `g56_systemsettings` ENABLE KEYS */;
UNLOCK TABLES;

--
-- Table structure for table `g56_users`
--

DROP TABLE IF EXISTS `g56_users`;
/*!40101 SET @saved_cs_client     = @@character_set_client */;
/*!40101 SET character_set_client = utf8 */;
CREATE TABLE `g56_users` (
  `id` int(10) unsigned NOT NULL AUTO_INCREMENT,
  `usertoken` int(11) NOT NULL,
  `username` varchar(255) COLLATE utf8_unicode_ci NOT NULL,
  `password` varchar(255) COLLATE utf8_unicode_ci NOT NULL,
  `image` varchar(255) COLLATE utf8_unicode_ci NOT NULL,
  `name` varchar(255) COLLATE utf8_unicode_ci NOT NULL,
  `gender` varchar(255) COLLATE utf8_unicode_ci NOT NULL,
  `phone` varchar(255) COLLATE utf8_unicode_ci NOT NULL,
  `email` varchar(255) COLLATE utf8_unicode_ci NOT NULL,
  `birthday` varchar(255) COLLATE utf8_unicode_ci NOT NULL,
  `houseaddress` varchar(255) COLLATE utf8_unicode_ci NOT NULL,
  `guarantor_image` varchar(255) COLLATE utf8_unicode_ci NOT NULL,
  `guarantor_name` varchar(255) COLLATE utf8_unicode_ci NOT NULL,
  `guarantor_gender` varchar(255) COLLATE utf8_unicode_ci NOT NULL,
  `guarantor_phone` varchar(255) COLLATE utf8_unicode_ci NOT NULL,
  `guarantor_email` varchar(255) COLLATE utf8_unicode_ci NOT NULL,
  `guarantor_address` varchar(255) COLLATE utf8_unicode_ci NOT NULL,
  `guarantor_workplace_phone` varchar(255) COLLATE utf8_unicode_ci NOT NULL,
  `guarantor_workplace_address` varchar(255) COLLATE utf8_unicode_ci NOT NULL,
  `isloggedin` int(11) NOT NULL,
  `loggedtime` varchar(255) COLLATE utf8_unicode_ci NOT NULL,
  `isenabled` tinyint(1) NOT NULL DEFAULT '1',
  `last_active` timestamp NOT NULL DEFAULT '0000-00-00 00:00:00',
  `remember_token` varchar(100) COLLATE utf8_unicode_ci DEFAULT NULL,
  `created_at` timestamp NOT NULL DEFAULT '0000-00-00 00:00:00',
  `updated_at` timestamp NOT NULL DEFAULT '0000-00-00 00:00:00',
  PRIMARY KEY (`id`),
  UNIQUE KEY `users_usertoken_unique` (`usertoken`),
  UNIQUE KEY `users_username_unique` (`username`)
) ENGINE=InnoDB AUTO_INCREMENT=18 DEFAULT CHARSET=utf8 COLLATE=utf8_unicode_ci;
/*!40101 SET character_set_client = @saved_cs_client */;

--
-- Dumping data for table `g56_users`
--

LOCK TABLES `g56_users` WRITE;
/*!40000 ALTER TABLE `g56_users` DISABLE KEYS */;
INSERT INTO `g56_users` VALUES (1,314124,'debola1','$2y$08$J4B4HEyYo3K4jS2NcAAF3uYxegEu7Yf4tuelBuyyNMM4M2980uNVu','','Debola Bello','female','12345678','','','working place','','','','','','','','',1,'2014-08-20 22:47:39',1,'2014-05-12 06:13:44','O9f8AwKvaP0blxrCRWPSgiLJbU34svw1y8HLxQ29wjy9DsiMydwEHvM1k9rU','2013-10-08 17:12:20','2014-08-20 21:47:39'),(2,384737,'fresh2','$2y$08$j4aOdAJcSz2HEM6zLmzJWutgyyBFoPrQxp6vv219.jG2W3G7k9iXm','','Fresh Denis','male','090766565','','','','','','','','','','','',1,'2014-08-20 22:48:15',1,'2014-05-12 06:13:44',NULL,'2013-10-08 17:12:20','2014-08-20 21:48:15'),(3,403356,'melee3','$2y$08$OJMyKYvCPcJBfW.4igukW.FtXSmhLzUXPhbw4k9kYNTHJJQ1/hck2','','melee jones','male','09045847384','brainy@gmail.com','2013-02-27 00:00:00','15 denis grade','','Mardock teken','female','09822384782','stock@gmail.com','18 melony','02234777462','18 jseddle gags',1,'2014-05-10 07:09:21',1,'2014-05-12 06:13:44',NULL,'2013-10-15 22:45:24','2014-06-03 13:20:00'),(9,258704,'tiger4','$2y$08$4.Upg2KTlRvx1dprL2grr.80R0T89V7aEZ/Cu/r.XIFuCEH.ikSrG','','tiger','male','12345678901','hghgvghv@yahoo.com','2014-05-05 00:00:00','ghfjh','','hhuooi','male','12345678901','jhj@gj.com','hugii','12345678901','kjh',0,'2014-06-03 14:26:15',1,'2014-05-12 06:13:44',NULL,'2014-05-05 22:13:36','2014-06-03 13:26:15'),(17,343354,'mecca10','$2y$08$URN4BKSY2ju5d5HtiAOku.j6jItBnn5H2ITypPMddyWOkQFrUmA76','','Mecca','male','08092293332','mytansill@yahoo.cou','','','','','','','','','','',0,'2014-06-07 10:12:36',1,'0000-00-00 00:00:00',NULL,'2014-06-07 01:02:34','2014-06-07 09:12:36');
/*!40000 ALTER TABLE `g56_users` ENABLE KEYS */;
UNLOCK TABLES;

--
-- Table structure for table `g56_users_activities`
--

DROP TABLE IF EXISTS `g56_users_activities`;
/*!40101 SET @saved_cs_client     = @@character_set_client */;
/*!40101 SET character_set_client = utf8 */;
CREATE TABLE `g56_users_activities` (
  `id` int(10) unsigned NOT NULL AUTO_INCREMENT,
  `user_id` int(11) NOT NULL,
  `activity_type` varchar(255) COLLATE utf8_unicode_ci NOT NULL,
  `message_body` text COLLATE utf8_unicode_ci NOT NULL,
  `created_at` timestamp NOT NULL DEFAULT '0000-00-00 00:00:00',
  `updated_at` timestamp NOT NULL DEFAULT '0000-00-00 00:00:00',
  PRIMARY KEY (`id`)
) ENGINE=InnoDB AUTO_INCREMENT=964 DEFAULT CHARSET=utf8 COLLATE=utf8_unicode_ci;
/*!40101 SET character_set_client = @saved_cs_client */;

--
-- Dumping data for table `g56_users_activities`
--

LOCK TABLES `g56_users_activities` WRITE;
/*!40000 ALTER TABLE `g56_users_activities` DISABLE KEYS */;
INSERT INTO `g56_users_activities` VALUES (240,1,'stock','{\"products\":\"textcoat,machine\",\"stocktype\":\"create\",\"username\":\"debola1\"}','2013-12-28 19:39:29','2013-12-28 19:39:29'),(241,1,'stock','{\"products\":\"flinch,mechx\",\"stocktype\":\"create\",\"username\":\"debola1\"}','2013-12-28 19:39:49','2013-12-28 19:39:49'),(242,1,'stock','{\"products\":\"flinch,mechx\",\"stocktype\":\"create\",\"username\":\"debola1\"}','2013-12-28 19:39:50','2013-12-28 19:39:50'),(243,1,'stock','{\"products\":\"29,28\",\"stocktype\":\"delete\",\"username\":\"debola1\"}','2013-12-28 21:56:04','2013-12-28 21:56:04'),(244,1,'stock','{\"products\":\"jumong, city hunter\",\"stocktype\":\"create\",\"username\":\"debola1\"}','2013-12-28 22:15:52','2013-12-28 22:15:52'),(245,1,'stock','{\"products\":\"city hunter, jumong\",\"stocktype\":\"delete\",\"username\":\"debola1\"}','2013-12-28 22:16:27','2013-12-28 22:16:27'),(246,1,'stock','{\"products\":\"mechx\",\"stocktype\":\"delete\",\"username\":\"debola1\"}','2013-12-28 22:17:23','2013-12-28 22:17:23'),(247,1,'stock','{\"products\":\"textcoat\",\"products_status\":0,\"stocktype\":\"status\",\"username\":\"debola1\"}','2013-12-29 19:07:00','2013-12-29 19:07:00'),(248,1,'stock','{\"products\":\"textcoat\",\"products_status\":1,\"stocktype\":\"status\",\"username\":\"debola1\"}','2013-12-29 19:24:59','2013-12-29 19:24:59'),(249,1,'stock','{\"products\":\"sugar\",\"products_status\":0,\"stocktype\":\"status\",\"username\":\"debola1\"}','2013-12-29 19:25:00','2013-12-29 19:25:00'),(250,1,'stock','{\"products\":\"asus transformer tab\",\"products_status\":0,\"stocktype\":\"status\",\"username\":\"debola1\"}','2013-12-29 19:25:01','2013-12-29 19:25:01'),(251,1,'stock','{\"products\":\"EOD, Tisk\",\"stocktype\":\"create\",\"username\":\"debola1\"}','2013-12-29 19:26:48','2013-12-29 19:26:48'),(252,1,'stock','{\"products\":\"tisk\",\"products_status\":1,\"stocktype\":\"status\",\"username\":\"debola1\"}','2013-12-29 19:35:01','2013-12-29 19:35:01'),(253,1,'stock','{\"products\":\"eod\",\"products_status\":1,\"stocktype\":\"status\",\"username\":\"debola1\"}','2013-12-29 19:35:02','2013-12-29 19:35:02'),(254,1,'stock','{\"products\":\"tisk | eod\",\"products_status\":0,\"stocktype\":\"status\",\"username\":\"debola1\"}','2013-12-29 19:35:12','2013-12-29 19:35:12'),(255,1,'stock','{\"products\":\"tisk\",\"stocktype\":\"update\",\"stocktype_update\":\"quantity\",\"stocktype_update_quantity\":\"add\",\"stocktype_update_quantity_count\":20,\"username\":\"debola1\"}','2013-12-29 21:20:13','2013-12-29 21:20:13'),(256,1,'stock','{\"products\":\"tisk\",\"stocktype\":\"update\",\"stocktype_update\":\"quantity\",\"stocktype_update_quantity\":\"add\",\"stocktype_update_quantity_count\":1,\"username\":\"debola1\"}','2013-12-29 22:16:28','2013-12-29 22:16:28'),(257,1,'stock','{\"products\":\"tisk\",\"stocktype\":\"update\",\"stocktype_update\":\"quantity\",\"stocktype_update_quantity\":\"add\",\"stocktype_update_quantity_count\":10,\"username\":\"debola1\"}','2013-12-29 22:17:42','2013-12-29 22:17:42'),(258,1,'stock','{\"products\":\"tisk\",\"stocktype\":\"update\",\"stocktype_update\":\"quantity\",\"stocktype_update_quantity\":\"add\",\"stocktype_update_quantity_count\":1,\"username\":\"debola1\"}','2013-12-29 22:18:46','2013-12-29 22:18:46'),(259,1,'stock','{\"products\":\"tisk\",\"stocktype\":\"update\",\"stocktype_update\":\"quantity\",\"stocktype_update_quantity\":\"subtract\",\"stocktype_update_quantity_count\":2,\"username\":\"debola1\"}','2013-12-29 22:19:31','2013-12-29 22:19:31'),(260,1,'stock','{\"products\":\"tisk\",\"stocktype\":\"unitprice\",\"stocktype_unitprice_mode\":\"retail price\",\"amount\":\"N209\",\"username\":\"debola1\"}','2013-12-30 00:38:14','2013-12-30 00:38:14'),(261,1,'stock','{\"products\":\"tisk\",\"stocktype\":\"unitprice\",\"stocktype_unitprice_mode\":\"retail price\",\"amount\":\"N298.00\",\"username\":\"debola1\"}','2013-12-30 00:41:00','2013-12-30 00:41:00'),(262,1,'stock','{\"products\":\"tisk\",\"stocktype\":\"unitprice\",\"stocktype_unitprice_mode\":\"retail price\",\"amount\":\"N29.00k\",\"username\":\"debola1\"}','2013-12-30 00:41:56','2013-12-30 00:41:56'),(263,1,'stock','{\"products\":\"tisk\",\"stocktype\":\"discount\",\"stocktype_unitprice_mode\":\"retail discount\",\"amount\":2,\"username\":\"debola1\"}','2013-12-30 00:42:35','2013-12-30 00:42:35'),(264,1,'stock','{\"products\":\"tisk\",\"stocktype\":\"discount\",\"stocktype_unitprice_mode\":\"retail discount\",\"amount\":\"6%\",\"username\":\"debola1\"}','2013-12-30 00:43:19','2013-12-30 00:43:19'),(265,1,'stock','{\"products\":\"tisk\",\"products_status\":1,\"stocktype\":\"status\",\"username\":\"debola1\"}','2013-12-31 05:25:51','2013-12-31 05:25:51'),(266,1,'stock','{\"products\":\"eod\",\"products_status\":1,\"stocktype\":\"status\",\"username\":\"debola1\"}','2013-12-31 05:25:52','2013-12-31 05:25:52'),(267,1,'stock','{\"products\":\"sugar\",\"products_status\":1,\"stocktype\":\"status\",\"username\":\"debola1\"}','2013-12-31 05:25:55','2013-12-31 05:25:55'),(268,1,'stock','{\"products\":\"asus transformer tab\",\"products_status\":1,\"stocktype\":\"status\",\"username\":\"debola1\"}','2013-12-31 05:25:55','2013-12-31 05:25:55'),(269,1,'stock','{\"products\":\"tisk | eod | textcoat | sugar | asus transformer tab\",\"products_status\":0,\"stocktype\":\"status\",\"username\":\"debola1\"}','2013-12-31 05:26:08','2013-12-31 05:26:08'),(270,1,'stock','{\"products\":\"tisk\",\"stocktype\":\"unitprice\",\"stocktype_unitprice_mode\":\"wholesale price\",\"amount\":\"N5,009.00k\",\"username\":\"debola1\"}','2013-12-31 05:26:30','2013-12-31 05:26:30'),(271,1,'stock','{\"products\":\"tisk\",\"stocktype\":\"unitprice\",\"stocktype_unitprice_mode\":\"wholesale price\",\"amount\":\"N400.00k\",\"username\":\"debola1\"}','2013-12-31 05:31:28','2013-12-31 05:31:28'),(272,1,'stock','{\"products\":\"tisk\",\"stocktype\":\"unitprice\",\"stocktype_unitprice_mode\":\"retail price\",\"amount\":\"N295.00k\",\"username\":\"debola1\"}','2013-12-31 05:37:13','2013-12-31 05:37:13'),(273,1,'stock','{\"products\":\"tisk | eod | textcoat | sugar | asus transformer tab\",\"products_status\":1,\"stocktype\":\"status\",\"username\":\"debola1\"}','2013-12-31 14:46:39','2013-12-31 14:46:39'),(274,3,'loggedin','{\"username\":\"melee3\"}','2013-12-31 17:06:54','2013-12-31 17:06:54'),(275,1,'stock','{\"products\":\"testing time\",\"stocktype\":\"create\",\"username\":\"debola1\"}','2014-01-06 20:27:25','2014-01-06 20:27:25'),(276,1,'stock','{\"products\":\"testing time\",\"stocktype\":\"delete\",\"username\":\"debola1\"}','2014-01-06 20:28:21','2014-01-06 20:28:21'),(277,1,'loggedin','{\"username\":\"debola1\"}','2014-01-15 21:40:46','2014-01-15 21:40:46'),(278,1,'stock','{\"products\":\"Jeans | Shirts\",\"stocktype\":\"create\",\"username\":\"debola1\"}','2014-01-15 21:44:50','2014-01-15 21:44:50'),(279,1,'loggedin','{\"username\":\"debola1\"}','2014-01-16 19:46:56','2014-01-16 19:46:56'),(280,1,'sale','{\"username\":\"debola1\",\"totalprice\":\"360277.3\",\"customername\":\"Adebola Bello\",\"receipt_number\":62}','2014-01-16 19:48:36','2014-01-16 19:48:36'),(281,1,'stock','{\"products\":\"t-shirt\",\"products_status\":0,\"stocktype\":\"status\",\"username\":\"debola1\"}','2014-01-16 19:50:09','2014-01-16 19:50:09'),(282,1,'stock','{\"products\":\"t-shirt\",\"products_status\":1,\"stocktype\":\"status\",\"username\":\"debola1\"}','2014-01-16 19:50:11','2014-01-16 19:50:11'),(283,1,'loggedout','{\"username\":\"debola1\"}','2014-01-16 19:51:51','2014-01-16 19:51:51'),(284,1,'loggedin','{\"username\":\"debola1\"}','2014-01-17 16:42:44','2014-01-17 16:42:44'),(285,1,'loggedin','{\"username\":\"debola1\"}','2014-01-17 21:48:29','2014-01-17 21:48:29'),(286,1,'loggedin','{\"username\":\"debola1\"}','2014-01-18 08:16:33','2014-01-18 08:16:33'),(287,1,'sale','{\"username\":\"debola1\",\"totalprice\":\"332770.6\",\"customername\":\"Adebola Bello\",\"receipt_number\":63}','2014-01-18 08:18:07','2014-01-18 08:18:07'),(288,1,'loggedin','{\"username\":\"debola1\"}','2014-01-18 21:58:52','2014-01-18 21:58:52'),(289,1,'loggedin','{\"username\":\"debola1\"}','2014-01-19 17:14:38','2014-01-19 17:14:38'),(290,1,'stock','{\"products\":\"tisk\",\"stocktype\":\"update\",\"stocktype_update\":\"quantity\",\"stocktype_update_quantity\":\"subtract\",\"stocktype_update_quantity_count\":1,\"username\":\"debola1\"}','2014-01-21 19:22:23','2014-01-21 19:22:23'),(291,1,'stock','{\"products\":\"tisk\",\"stocktype\":\"update\",\"stocktype_update\":\"quantity\",\"stocktype_update_quantity\":\"add\",\"stocktype_update_quantity_count\":5,\"username\":\"debola1\"}','2014-01-21 19:22:46','2014-01-21 19:22:46'),(292,1,'stock','{\"products\":\"tisk\",\"stocktype\":\"update\",\"stocktype_update\":\"quantity\",\"stocktype_update_quantity\":\"subtract\",\"stocktype_update_quantity_count\":-2,\"username\":\"debola1\"}','2014-01-21 19:24:22','2014-01-21 19:24:22'),(293,1,'stock','{\"products\":\"eod\",\"stocktype\":\"update\",\"stocktype_update\":\"quantity\",\"stocktype_update_quantity\":\"add\",\"stocktype_update_quantity_count\":2,\"username\":\"debola1\"}','2014-01-21 19:27:17','2014-01-21 19:27:17'),(294,1,'stock','{\"products\":\"eod\",\"stocktype\":\"update\",\"stocktype_update\":\"quantity\",\"stocktype_update_quantity\":\"subtract\",\"stocktype_update_quantity_count\":0,\"username\":\"debola1\"}','2014-01-21 19:27:37','2014-01-21 19:27:37'),(295,1,'stock','{\"products\":\"eod\",\"stocktype\":\"update\",\"stocktype_update\":\"quantity\",\"stocktype_update_quantity\":\"add\",\"stocktype_update_quantity_count\":2,\"username\":\"debola1\"}','2014-01-21 19:30:52','2014-01-21 19:30:52'),(296,1,'stock','{\"products\":\"eod\",\"stocktype\":\"update\",\"stocktype_update\":\"quantity\",\"stocktype_update_quantity\":\"add\",\"stocktype_update_quantity_count\":1,\"username\":\"debola1\"}','2014-01-21 19:31:21','2014-01-21 19:31:21'),(297,1,'stock','{\"products\":\"eod\",\"stocktype\":\"update\",\"stocktype_update\":\"quantity\",\"stocktype_update_quantity\":\"subtract\",\"stocktype_update_quantity_count\":-2,\"username\":\"debola1\"}','2014-01-21 19:31:28','2014-01-21 19:31:28'),(298,1,'stock','{\"products\":\"end of discussion\",\"stocktype\":\"unitprice\",\"stocktype_unitprice_mode\":\"retail price\",\"amount\":\"N1,400,000.00k\",\"username\":\"debola1\"}','2014-01-21 19:31:52','2014-01-21 19:31:52'),(299,1,'loggedin','{\"username\":\"debola1\"}','2014-01-22 07:57:34','2014-01-22 07:57:34'),(300,1,'loggedout','{\"username\":\"debola1\"}','2014-01-23 11:02:19','2014-01-23 11:02:19'),(301,1,'loggedin','{\"username\":\"debola1\"}','2014-01-23 11:02:28','2014-01-23 11:02:28'),(302,1,'stock','{\"products\":\"brenda\",\"stocktype\":\"unitprice\",\"stocktype_unitprice_mode\":\"retail price\",\"amount\":\"N693.50k\",\"username\":\"debola1\"}','2014-01-23 11:06:52','2014-01-23 11:06:52'),(303,1,'stock','{\"products\":\"brenda\",\"stocktype\":\"unitprice\",\"stocktype_unitprice_mode\":\"retail price\",\"amount\":\"N693.50k\",\"username\":\"debola1\"}','2014-01-23 11:07:20','2014-01-23 11:07:20'),(304,1,'stock','{\"products\":\"brenda\",\"stocktype\":\"unitprice\",\"stocktype_unitprice_mode\":\"retail price\",\"amount\":\"N693.50k\",\"username\":\"debola1\"}','2014-01-23 11:07:51','2014-01-23 11:07:51'),(305,1,'stock','{\"products\":\"brenda\",\"stocktype\":\"unitprice\",\"stocktype_unitprice_mode\":\"retail price\",\"amount\":\"N693.50k\",\"username\":\"debola1\"}','2014-01-23 11:15:50','2014-01-23 11:15:50'),(306,1,'stock','{\"products\":\"end of discussion\",\"stocktype\":\"update\",\"stocktype_update\":\"quantity\",\"stocktype_update_quantity\":\"add\",\"stocktype_update_quantity_count\":10,\"username\":\"debola1\"}','2014-01-23 11:21:49','2014-01-23 11:21:49'),(307,1,'stock','{\"products\":\"end of discussion\",\"stocktype\":\"update\",\"stocktype_update\":\"quantity\",\"stocktype_update_quantity\":\"add\",\"stocktype_update_quantity_count\":40,\"username\":\"debola1\"}','2014-01-23 11:21:57','2014-01-23 11:21:57'),(308,1,'sale','{\"username\":\"debola1\",\"totalprice\":\"1386.5\",\"customername\":null,\"receipt_number\":64}','2014-01-23 12:00:20','2014-01-23 12:00:20'),(309,3,'loggedin','{\"username\":\"melee3\"}','2014-01-23 13:31:33','2014-01-23 13:31:33'),(310,3,'sale','{\"username\":\"melee3\",\"totalprice\":\"2774\",\"customername\":\"Adebola Bello\",\"receipt_number\":65}','2014-01-23 13:57:23','2014-01-23 13:57:23'),(311,1,'stock','{\"products\":\"textcoat\",\"stocktype\":\"update\",\"stocktype_update\":\"quantity\",\"stocktype_update_quantity\":\"subtract\",\"stocktype_update_quantity_count\":-200,\"username\":\"debola1\"}','2014-01-23 22:34:11','2014-01-23 22:34:11'),(312,1,'stock','{\"products\":\"textcoat\",\"stocktype\":\"update\",\"stocktype_update\":\"quantity\",\"stocktype_update_quantity\":\"add\",\"stocktype_update_quantity_count\":200,\"username\":\"debola1\"}','2014-01-23 22:34:26','2014-01-23 22:34:26'),(313,1,'stock','{\"products\":\"textcoat\",\"stocktype\":\"update\",\"stocktype_update\":\"quantity\",\"stocktype_update_quantity\":\"subtract\",\"stocktype_update_quantity_count\":-20,\"username\":\"debola1\"}','2014-01-23 22:34:33','2014-01-23 22:34:33'),(314,1,'stock','{\"products\":\"textcoat\",\"stocktype\":\"update\",\"stocktype_update\":\"quantity\",\"stocktype_update_quantity\":\"subtract\",\"stocktype_update_quantity_count\":-200,\"username\":\"debola1\"}','2014-01-23 22:34:43','2014-01-23 22:34:43'),(315,1,'stock','{\"products\":\"textcoat\",\"stocktype\":\"update\",\"stocktype_update\":\"quantity\",\"stocktype_update_quantity\":\"add\",\"stocktype_update_quantity_count\":201,\"username\":\"debola1\"}','2014-01-23 22:34:56','2014-01-23 22:34:56'),(316,1,'stock','{\"products\":\"end of discussion\",\"stocktype\":\"update\",\"stocktype_update\":\"quantity\",\"stocktype_update_quantity\":\"add\",\"stocktype_update_quantity_count\":70,\"username\":\"debola1\"}','2014-01-23 22:35:04','2014-01-23 22:35:04'),(317,1,'stock','{\"products\":\"end of discussion\",\"stocktype\":\"update\",\"stocktype_update\":\"quantity\",\"stocktype_update_quantity\":\"subtract\",\"stocktype_update_quantity_count\":-100,\"username\":\"debola1\"}','2014-01-23 22:35:15','2014-01-23 22:35:15'),(318,1,'stock','{\"products\":\"end of discussion\",\"stocktype\":\"update\",\"stocktype_update\":\"quantity\",\"stocktype_update_quantity\":\"add\",\"stocktype_update_quantity_count\":71,\"username\":\"debola1\"}','2014-01-23 22:35:33','2014-01-23 22:35:33'),(319,1,'stock','{\"products\":\"end of discussion\",\"stocktype\":\"update\",\"stocktype_update\":\"quantity\",\"stocktype_update_quantity\":\"subtract\",\"stocktype_update_quantity_count\":-101,\"username\":\"debola1\"}','2014-01-23 22:49:42','2014-01-23 22:49:42'),(320,1,'stock','{\"products\":\"end of discussion\",\"stocktype\":\"update\",\"stocktype_update\":\"quantity\",\"stocktype_update_quantity\":\"add\",\"stocktype_update_quantity_count\":201,\"username\":\"debola1\"}','2014-01-23 22:50:00','2014-01-23 22:50:00'),(321,1,'stock','{\"products\":\"end of discussion\",\"stocktype\":\"update\",\"stocktype_update\":\"quantity\",\"stocktype_update_quantity\":\"subtract\",\"stocktype_update_quantity_count\":-200,\"username\":\"debola1\"}','2014-01-23 22:50:05','2014-01-23 22:50:05'),(322,1,'stock','{\"products\":\"end of discussion\",\"stocktype\":\"update\",\"stocktype_update\":\"quantity\",\"stocktype_update_quantity\":\"add\",\"stocktype_update_quantity_count\":200,\"username\":\"debola1\"}','2014-01-23 22:50:16','2014-01-23 22:50:16'),(323,1,'loggedout','{\"username\":\"debola1\"}','2014-01-23 22:51:59','2014-01-23 22:51:59'),(324,1,'loggedin','{\"username\":\"debola1\"}','2014-01-23 22:52:08','2014-01-23 22:52:08'),(325,1,'loggedout','{\"username\":\"debola1\"}','2014-01-23 23:57:07','2014-01-23 23:57:07'),(326,1,'loggedin','{\"username\":\"debola1\"}','2014-01-23 23:59:58','2014-01-23 23:59:58'),(327,1,'stock','{\"products\":\"sugar\",\"stocktype\":\"update\",\"stocktype_update\":\"quantity\",\"stocktype_update_quantity\":\"subtract\",\"stocktype_update_quantity_count\":-10,\"username\":\"debola1\"}','2014-01-24 00:08:38','2014-01-24 00:08:38'),(328,1,'stock','{\"products\":\"sugar\",\"stocktype\":\"update\",\"stocktype_update\":\"quantity\",\"stocktype_update_quantity\":\"add\",\"stocktype_update_quantity_count\":10,\"username\":\"debola1\"}','2014-01-24 00:09:31','2014-01-24 00:09:31'),(329,1,'stock','{\"products\":\"sugar\",\"stocktype\":\"update\",\"stocktype_update\":\"quantity\",\"stocktype_update_quantity\":\"subtract\",\"stocktype_update_quantity_count\":-10,\"username\":\"debola1\"}','2014-01-24 00:09:38','2014-01-24 00:09:38'),(330,1,'stock','{\"products\":\"tisk\",\"stocktype\":\"update\",\"stocktype_update\":\"quantity\",\"stocktype_update_quantity\":\"add\",\"stocktype_update_quantity_count\":10,\"username\":\"debola1\"}','2014-01-24 00:10:05','2014-01-24 00:10:05'),(331,1,'stock','{\"products\":\"sugar\",\"stocktype\":\"update\",\"stocktype_update\":\"quantity\",\"stocktype_update_quantity\":\"add\",\"stocktype_update_quantity_count\":10,\"username\":\"debola1\"}','2014-01-24 00:17:25','2014-01-24 00:17:25'),(332,1,'loggedout','{\"username\":\"debola1\"}','2014-01-24 12:51:18','2014-01-24 12:51:18'),(333,1,'loggedin','{\"username\":\"debola1\"}','2014-01-24 12:51:36','2014-01-24 12:51:36'),(334,1,'loggedout','{\"username\":\"debola1\"}','2014-01-24 12:56:31','2014-01-24 12:56:31'),(335,1,'loggedin','{\"username\":\"debola1\"}','2014-01-24 12:56:40','2014-01-24 12:56:40'),(336,1,'loggedout','{\"username\":\"debola1\"}','2014-01-24 12:59:46','2014-01-24 12:59:46'),(337,1,'loggedin','{\"username\":\"debola1\"}','2014-01-24 12:59:55','2014-01-24 12:59:55'),(338,3,'loggedin','{\"username\":\"melee3\"}','2014-01-24 18:50:23','2014-01-24 18:50:23'),(339,1,'loggedin','{\"username\":\"debola1\"}','2014-01-24 19:44:30','2014-01-24 19:44:30'),(340,1,'stock','{\"products\":\"tisk\",\"products_status\":0,\"stocktype\":\"status\",\"username\":\"debola1\"}','2014-01-25 09:03:22','2014-01-25 09:03:22'),(341,1,'stock','{\"products\":\"tisk\",\"products_status\":1,\"stocktype\":\"status\",\"username\":\"debola1\"}','2014-01-25 09:03:27','2014-01-25 09:03:27'),(342,1,'stock','{\"products\":\"tisk\",\"products_status\":0,\"stocktype\":\"status\",\"username\":\"debola1\"}','2014-01-25 09:03:31','2014-01-25 09:03:31'),(343,1,'stock','{\"products\":\"tisk\",\"products_status\":1,\"stocktype\":\"status\",\"username\":\"debola1\"}','2014-01-25 09:04:22','2014-01-25 09:04:22'),(344,1,'stock','{\"products\":\"t-shirt\",\"products_status\":1,\"stocktype\":\"status\",\"username\":\"debola1\"}','2014-01-25 09:08:29','2014-01-25 09:08:29'),(345,1,'stock','{\"products\":\"t-shirt\",\"products_status\":0,\"stocktype\":\"status\",\"username\":\"debola1\"}','2014-01-25 09:09:41','2014-01-25 09:09:41'),(346,1,'loggedin','{\"username\":\"debola1\"}','2014-01-25 17:46:25','2014-01-25 17:46:25'),(348,1,'stock','{\"products\":\"textcoat\",\"products_status\":0,\"stocktype\":\"status\",\"username\":\"debola1\"}','2014-01-25 17:50:34','2014-01-25 17:50:34'),(349,1,'stock','{\"products\":\"asus transformer tab\",\"products_status\":0,\"stocktype\":\"status\",\"username\":\"debola1\"}','2014-01-25 17:50:35','2014-01-25 17:50:35'),(350,1,'stock','{\"products\":\"samsung laptop\",\"products_status\":0,\"stocktype\":\"status\",\"username\":\"debola1\"}','2014-01-25 17:50:36','2014-01-25 17:50:36'),(351,1,'stock','{\"products\":\"brenda\",\"products_status\":0,\"stocktype\":\"status\",\"username\":\"debola1\"}','2014-01-25 17:50:37','2014-01-25 17:50:37'),(352,1,'loggedout','{\"username\":\"debola1\"}','2014-01-25 23:53:16','2014-01-25 23:53:16'),(353,3,'loggedin','{\"username\":\"melee3\"}','2014-01-25 23:53:28','2014-01-25 23:53:28'),(354,3,'loggedout','{\"username\":\"melee3\"}','2014-01-25 23:53:51','2014-01-25 23:53:51'),(355,2,'loggedin','{\"username\":\"fresh2\"}','2014-01-25 23:54:02','2014-01-25 23:54:02'),(356,2,'loggedout','{\"username\":\"fresh2\"}','2014-01-25 23:55:11','2014-01-25 23:55:11'),(357,1,'loggedin','{\"username\":\"debola1\"}','2014-01-25 23:55:22','2014-01-25 23:55:22'),(358,1,'loggedout','{\"username\":\"debola1\"}','2014-01-25 23:56:05','2014-01-25 23:56:05'),(359,3,'loggedin','{\"username\":\"melee3\"}','2014-01-25 23:56:13','2014-01-25 23:56:13'),(360,3,'loggedout','{\"username\":\"melee3\"}','2014-01-25 23:56:41','2014-01-25 23:56:41'),(361,1,'loggedin','{\"username\":\"debola1\"}','2014-01-25 23:56:55','2014-01-25 23:56:55'),(362,1,'loggedin','{\"username\":\"debola1\"}','2014-01-25 23:57:52','2014-01-25 23:57:52'),(363,1,'loggedout','{\"username\":\"debola1\"}','2014-01-26 00:48:16','2014-01-26 00:48:16'),(364,3,'loggedout','{\"username\":\"melee3\"}','2014-01-26 00:48:28','2014-01-26 00:48:28'),(365,1,'loggedout','{\"username\":\"debola1\"}','2014-01-26 00:48:40','2014-01-26 00:48:40'),(366,1,'loggedin','{\"username\":\"debola1\"}','2014-01-26 00:49:07','2014-01-26 00:49:07'),(367,3,'loggedin','{\"username\":\"melee3\"}','2014-01-26 00:49:45','2014-01-26 00:49:45'),(368,1,'loggedin','{\"username\":\"debola1\"}','2014-01-26 02:37:47','2014-01-26 02:37:47'),(369,1,'loggedin','{\"username\":\"debola1\"}','2014-01-27 01:16:47','2014-01-27 01:16:47'),(370,1,'loggedout','{\"username\":\"debola1\"}','2014-01-27 01:33:36','2014-01-27 01:33:36'),(371,3,'loggedout','{\"username\":\"melee3\"}','2014-01-27 01:33:44','2014-01-27 01:33:44'),(372,1,'loggedin','{\"username\":\"debola1\"}','2014-01-27 10:43:54','2014-01-27 10:43:54'),(373,3,'loggedin','{\"username\":\"melee3\"}','2014-01-27 10:44:03','2014-01-27 10:44:03'),(374,3,'loggedout','{\"username\":\"melee3\"}','2014-01-27 10:44:34','2014-01-27 10:44:34'),(375,3,'loggedin','{\"username\":\"melee3\"}','2014-01-27 10:44:41','2014-01-27 10:44:41'),(376,1,'loggedout','{\"username\":\"debola1\"}','2014-01-29 07:10:33','2014-01-29 07:10:33'),(377,1,'loggedin','{\"username\":\"debola1\"}','2014-01-29 08:28:52','2014-01-29 08:28:52'),(378,1,'loggedout','{\"username\":\"debola1\"}','2014-01-29 08:50:46','2014-01-29 08:50:46'),(379,1,'loggedin','{\"username\":\"debola1\"}','2014-01-29 12:20:34','2014-01-29 12:20:34'),(380,1,'loggedout','{\"username\":\"debola1\"}','2014-01-29 12:20:47','2014-01-29 12:20:47'),(381,1,'loggedin','{\"username\":\"debola1\"}','2014-01-29 13:56:37','2014-01-29 13:56:37'),(382,1,'loggedin','{\"username\":\"debola1\"}','2014-01-29 14:31:29','2014-01-29 14:31:29'),(383,1,'loggedout','{\"username\":\"debola1\"}','2014-01-29 14:32:16','2014-01-29 14:32:16'),(384,1,'loggedin','{\"username\":\"debola1\"}','2014-01-29 14:32:27','2014-01-29 14:32:27'),(385,1,'loggedin','{\"username\":\"debola1\"}','2014-01-29 16:03:17','2014-01-29 16:03:17'),(386,1,'loggedout','{\"username\":\"debola1\"}','2014-01-29 16:30:07','2014-01-29 16:30:07'),(387,1,'loggedin','{\"username\":\"debola1\"}','2014-01-31 19:02:34','2014-01-31 19:02:34'),(388,1,'loggedin','{\"username\":\"debola1\"}','2014-01-31 19:06:50','2014-01-31 19:06:50'),(389,1,'stock','{\"products\":\"\",\"stocktype\":\"create\",\"username\":\"debola1\"}','2014-01-31 19:14:54','2014-01-31 19:14:54'),(390,1,'stock','{\"products\":\"\",\"stocktype\":\"create\",\"username\":\"debola1\"}','2014-01-31 19:14:54','2014-01-31 19:14:54'),(391,1,'stock','{\"products\":\"sleek kinky lipgloss\",\"stocktype\":\"create\",\"username\":\"debola1\"}','2014-01-31 19:15:01','2014-01-31 19:15:01'),(392,1,'stock','{\"products\":\"sleek kinky lipgloss\",\"stocktype\":\"create\",\"username\":\"debola1\"}','2014-01-31 19:15:01','2014-01-31 19:15:01'),(393,1,'stock','{\"products\":\"sleek kinky lipgloss\",\"stocktype\":\"update\",\"stocktype_update\":\"quantity\",\"stocktype_update_quantity\":\"add\",\"stocktype_update_quantity_count\":3,\"username\":\"debola1\"}','2014-01-31 19:15:19','2014-01-31 19:15:19'),(394,1,'stock','{\"products\":\"sleek kinky lipgloss\",\"stocktype\":\"update\",\"stocktype_update\":\"quantity\",\"stocktype_update_quantity\":\"subtract\",\"stocktype_update_quantity_count\":-1,\"username\":\"debola1\"}','2014-01-31 19:15:31','2014-01-31 19:15:31'),(395,1,'stock','{\"products\":\"sleek kinky lipgloss\",\"stocktype\":\"unitprice\",\"stocktype_unitprice_mode\":\"retail price\",\"amount\":\"N1.00k\",\"username\":\"debola1\"}','2014-01-31 19:15:53','2014-01-31 19:15:53'),(396,1,'stock','{\"products\":\"sleek kinky lipgloss\",\"stocktype\":\"unitprice\",\"stocktype_unitprice_mode\":\"retail price\",\"amount\":\"N1.00k\",\"username\":\"debola1\"}','2014-01-31 19:16:34','2014-01-31 19:16:34'),(397,1,'stock','{\"products\":\"sleek kinky lipgloss\",\"stocktype\":\"update\",\"stocktype_update\":\"quantity\",\"stocktype_update_quantity\":\"add\",\"stocktype_update_quantity_count\":4,\"username\":\"debola1\"}','2014-01-31 19:17:13','2014-01-31 19:17:13'),(398,1,'stock','{\"products\":\"tiss\",\"stocktype\":\"unitprice\",\"stocktype_unitprice_mode\":\"retail price\",\"amount\":\"N299.00k\",\"username\":\"debola1\"}','2014-01-31 19:17:27','2014-01-31 19:17:27'),(399,1,'stock','{\"products\":\"sleek kinky lipgloss\",\"stocktype\":\"unitprice\",\"stocktype_unitprice_mode\":\"retail price\",\"amount\":\"N1.00k\",\"username\":\"debola1\"}','2014-01-31 19:18:10','2014-01-31 19:18:10'),(400,1,'stock','{\"products\":\"sleek kinky lipgloss\",\"stocktype\":\"unitprice\",\"stocktype_unitprice_mode\":\"retail price\",\"amount\":\"N1.00k\",\"username\":\"debola1\"}','2014-01-31 19:23:54','2014-01-31 19:23:54'),(401,1,'stock','{\"products\":\"sleek kinky lipgloss\",\"stocktype\":\"unitprice\",\"stocktype_unitprice_mode\":\"retail price\",\"amount\":\"N1.00k\",\"username\":\"debola1\"}','2014-01-31 19:24:43','2014-01-31 19:24:43'),(402,1,'stock','{\"products\":\"sleek kinky lipgloss\",\"stocktype\":\"unitprice\",\"stocktype_unitprice_mode\":\"retail price\",\"amount\":\"N340.00k\",\"username\":\"debola1\"}','2014-01-31 19:25:31','2014-01-31 19:25:31'),(403,1,'stock','{\"products\":\"sleek kinky lipgloss\",\"stocktype\":\"unitprice\",\"stocktype_unitprice_mode\":\"retail price\",\"amount\":\"N103.00k\",\"username\":\"debola1\"}','2014-01-31 19:26:15','2014-01-31 19:26:15'),(404,1,'stock','{\"products\":\"sleek kinky lipgloss\",\"stocktype\":\"unitprice\",\"stocktype_unitprice_mode\":\"retail price\",\"amount\":\"N1.00k\",\"username\":\"debola1\"}','2014-01-31 19:27:52','2014-01-31 19:27:52'),(405,1,'stock','{\"products\":\"sleek kinky lipgloss\",\"stocktype\":\"unitprice\",\"stocktype_unitprice_mode\":\"retail price\",\"amount\":\"N4.00k\",\"username\":\"debola1\"}','2014-01-31 19:28:09','2014-01-31 19:28:09'),(406,1,'stock','{\"products\":\"sleek kinky lipgloss\",\"stocktype\":\"unitprice\",\"stocktype_unitprice_mode\":\"retail price\",\"amount\":\"N483.00k\",\"username\":\"debola1\"}','2014-01-31 19:28:26','2014-01-31 19:28:26'),(407,1,'stock','{\"products\":\"sleek kinky lipgloss\",\"stocktype\":\"unitprice\",\"stocktype_unitprice_mode\":\"retail price\",\"amount\":\"N435.00k\",\"username\":\"debola1\"}','2014-01-31 19:28:47','2014-01-31 19:28:47'),(408,1,'stock','{\"products\":\"sleek kinky lipgloss\",\"stocktype\":\"unitprice\",\"stocktype_unitprice_mode\":\"retail price\",\"amount\":\"N4.00k\",\"username\":\"debola1\"}','2014-01-31 19:29:27','2014-01-31 19:29:27'),(409,1,'stock','{\"products\":\"sleek kinky lipgloss\",\"stocktype\":\"unitprice\",\"stocktype_unitprice_mode\":\"retail price\",\"amount\":\"N1.00k\",\"username\":\"debola1\"}','2014-01-31 19:33:05','2014-01-31 19:33:05'),(410,1,'stock','{\"products\":\"sleek kinky lipgloss\",\"stocktype\":\"unitprice\",\"stocktype_unitprice_mode\":\"retail price\",\"amount\":\"N156.00k\",\"username\":\"debola1\"}','2014-01-31 19:34:15','2014-01-31 19:34:15'),(411,1,'stock','{\"products\":\"sleek kinky lipgloss\",\"stocktype\":\"unitprice\",\"stocktype_unitprice_mode\":\"retail price\",\"amount\":\"N594.00k\",\"username\":\"debola1\"}','2014-01-31 19:36:50','2014-01-31 19:36:50'),(412,1,'stock','{\"products\":\"sleek kinky lipgloss\",\"stocktype\":\"unitprice\",\"stocktype_unitprice_mode\":\"retail price\",\"amount\":\"N1.00k\",\"username\":\"debola1\"}','2014-01-31 19:37:13','2014-01-31 19:37:13'),(413,1,'loggedout','{\"username\":\"debola1\"}','2014-01-31 19:39:52','2014-01-31 19:39:52'),(414,1,'loggedin','{\"username\":\"debola1\"}','2014-01-31 19:40:00','2014-01-31 19:40:00'),(415,1,'stock','{\"products\":\"sleek kinky lipgloss\",\"stocktype\":\"unitprice\",\"stocktype_unitprice_mode\":\"retail price\",\"amount\":\"N1.00k\",\"username\":\"debola1\"}','2014-01-31 19:40:36','2014-01-31 19:40:36'),(416,1,'stock','{\"products\":\"sleek kinky lipgloss\",\"products_status\":1,\"stocktype\":\"status\",\"username\":\"debola1\"}','2014-01-31 19:43:54','2014-01-31 19:43:54'),(417,1,'stock','{\"products\":\"sleek kinky lipgloss\",\"stocktype\":\"unitprice\",\"stocktype_unitprice_mode\":\"retail price\",\"amount\":\"N2,003.00k\",\"username\":\"debola1\"}','2014-01-31 19:46:16','2014-01-31 19:46:16'),(418,1,'stock','{\"products\":\"sleek kinky lipgloss\",\"products_status\":0,\"stocktype\":\"status\",\"username\":\"debola1\"}','2014-01-31 19:51:37','2014-01-31 19:51:37'),(419,1,'stock','{\"products\":\"sleek kinky lipgloss\",\"stocktype\":\"update\",\"stocktype_update\":\"quantity\",\"stocktype_update_quantity\":\"subtract\",\"stocktype_update_quantity_count\":-4,\"username\":\"debola1\"}','2014-01-31 19:51:45','2014-01-31 19:51:45'),(420,1,'stock','{\"products\":\"sleek kinky lipgloss\",\"stocktype\":\"unitprice\",\"stocktype_unitprice_mode\":\"retail price\",\"amount\":\"N0.00k\",\"username\":\"debola1\"}','2014-01-31 19:51:52','2014-01-31 19:51:52'),(421,1,'stock','{\"products\":\"sleek kinky lipgloss\",\"stocktype\":\"unitprice\",\"stocktype_unitprice_mode\":\"retail price\",\"amount\":\"N1,300.00k\",\"username\":\"debola1\"}','2014-01-31 19:55:41','2014-01-31 19:55:41'),(422,1,'stock','{\"products\":\"sleek kinky lipgloss\",\"stocktype\":\"discount\",\"stocktype_unitprice_mode\":\"retail discount\",\"amount\":\"5%\",\"username\":\"debola1\"}','2014-01-31 19:56:03','2014-01-31 19:56:03'),(423,1,'stock','{\"products\":\"sleek kinky lipgloss\",\"products_status\":1,\"stocktype\":\"status\",\"username\":\"debola1\"}','2014-01-31 19:57:17','2014-01-31 19:57:17'),(424,1,'stock','{\"products\":\"sleek kinky lipgloss\",\"products_status\":0,\"stocktype\":\"status\",\"username\":\"debola1\"}','2014-01-31 19:57:19','2014-01-31 19:57:19'),(425,1,'stock','{\"products\":\"rubywoo\",\"stocktype\":\"create\",\"username\":\"debola1\"}','2014-01-31 20:37:36','2014-01-31 20:37:36'),(426,1,'stock','{\"products\":\"rubywoo\",\"stocktype\":\"update\",\"stocktype_update\":\"quantity\",\"stocktype_update_quantity\":\"add\",\"stocktype_update_quantity_count\":30,\"username\":\"debola1\"}','2014-01-31 20:38:01','2014-01-31 20:38:01'),(427,1,'stock','{\"products\":\"rubywoo\",\"stocktype\":\"unitprice\",\"stocktype_unitprice_mode\":\"retail price\",\"amount\":\"N4,500.00k\",\"username\":\"debola1\"}','2014-01-31 20:38:27','2014-01-31 20:38:27'),(428,1,'stock','{\"products\":\"rubywoo\",\"stocktype\":\"update\",\"stocktype_update\":\"quantity\",\"stocktype_update_quantity\":\"subtract\",\"stocktype_update_quantity_count\":-10,\"username\":\"debola1\"}','2014-01-31 20:38:40','2014-01-31 20:38:40'),(429,1,'stock','{\"products\":\"rubywoo\",\"stocktype\":\"update\",\"stocktype_update\":\"quantity\",\"stocktype_update_quantity\":\"add\",\"stocktype_update_quantity_count\":16,\"username\":\"debola1\"}','2014-01-31 20:38:54','2014-01-31 20:38:54'),(430,1,'stock','{\"products\":\"rubywoo\",\"products_status\":1,\"stocktype\":\"status\",\"username\":\"debola1\"}','2014-01-31 20:39:07','2014-01-31 20:39:07'),(431,1,'stock','{\"products\":\"rubywoo\",\"stocktype\":\"unitprice\",\"stocktype_unitprice_mode\":\"wholesale price\",\"amount\":\"N3,800.00k\",\"username\":\"debola1\"}','2014-01-31 20:39:55','2014-01-31 20:39:55'),(432,1,'sale','{\"username\":\"debola1\",\"totalprice\":\"182586.36\",\"customername\":null,\"receipt_number\":66}','2014-01-31 20:44:02','2014-01-31 20:44:02'),(433,1,'sale','{\"username\":\"debola1\",\"totalprice\":\"182586.36\",\"customername\":null,\"receipt_number\":67}','2014-01-31 20:44:05','2014-01-31 20:44:05'),(434,1,'sale','{\"username\":\"debola1\",\"totalprice\":\"182586.36\",\"customername\":null,\"receipt_number\":68}','2014-01-31 20:44:10','2014-01-31 20:44:10'),(435,1,'stock','{\"products\":\"rubywoo\",\"stocktype\":\"update\",\"stocktype_update\":\"quantity\",\"stocktype_update_quantity\":\"add\",\"stocktype_update_quantity_count\":20,\"username\":\"debola1\"}','2014-01-31 20:49:52','2014-01-31 20:49:52'),(436,1,'stock','{\"products\":\"rubywoo\",\"stocktype\":\"update\",\"stocktype_update\":\"quantity\",\"stocktype_update_quantity\":\"add\",\"stocktype_update_quantity_count\":24,\"username\":\"debola1\"}','2014-01-31 20:49:58','2014-01-31 20:49:58'),(437,1,'stock','{\"products\":\"rubywoo\",\"stocktype\":\"update\",\"stocktype_update\":\"quantity\",\"stocktype_update_quantity\":\"add\",\"stocktype_update_quantity_count\":27,\"username\":\"debola1\"}','2014-01-31 21:26:16','2014-01-31 21:26:16'),(438,1,'stock','{\"products\":\"tiss\",\"stocktype\":\"update\",\"stocktype_update\":\"quantity\",\"stocktype_update_quantity\":\"add\",\"stocktype_update_quantity_count\":32,\"username\":\"debola1\"}','2014-01-31 21:43:15','2014-01-31 21:43:15'),(439,1,'stock','{\"products\":\"tiss\",\"stocktype\":\"update\",\"stocktype_update\":\"quantity\",\"stocktype_update_quantity\":\"add\",\"stocktype_update_quantity_count\":32,\"username\":\"debola1\"}','2014-01-31 21:43:40','2014-01-31 21:43:40'),(440,1,'stock','{\"products\":\"tiss\",\"stocktype\":\"update\",\"stocktype_update\":\"quantity\",\"stocktype_update_quantity\":\"add\",\"stocktype_update_quantity_count\":32,\"username\":\"debola1\"}','2014-01-31 21:44:24','2014-01-31 21:44:24'),(441,1,'stock','{\"products\":\"sleek kinky lipgloss\",\"stocktype\":\"update\",\"stocktype_update\":\"quantity\",\"stocktype_update_quantity\":\"add\",\"stocktype_update_quantity_count\":3,\"username\":\"debola1\"}','2014-02-01 07:46:52','2014-02-01 07:46:52'),(442,1,'stock','{\"products\":\"sleek kinky lipgloss\",\"stocktype\":\"update\",\"stocktype_update\":\"quantity\",\"stocktype_update_quantity\":\"subtract\",\"stocktype_update_quantity_count\":-4,\"username\":\"debola1\"}','2014-02-01 07:48:53','2014-02-01 07:48:53'),(443,1,'stock','{\"products\":\"sleek kinky lipgloss\",\"stocktype\":\"update\",\"stocktype_update\":\"quantity\",\"stocktype_update_quantity\":\"add\",\"stocktype_update_quantity_count\":2,\"username\":\"debola1\"}','2014-02-01 07:49:22','2014-02-01 07:49:22'),(444,1,'stock','{\"products\":\"sleek kinky lipgloss\",\"stocktype\":\"update\",\"stocktype_update\":\"quantity\",\"stocktype_update_quantity\":\"add\",\"stocktype_update_quantity_count\":1,\"username\":\"debola1\"}','2014-02-01 07:51:02','2014-02-01 07:51:02'),(445,1,'stock','{\"products\":\"sleek kinky lipgloss\",\"stocktype\":\"update\",\"stocktype_update\":\"quantity\",\"stocktype_update_quantity\":\"subtract\",\"stocktype_update_quantity_count\":-1,\"username\":\"debola1\"}','2014-02-01 07:52:22','2014-02-01 07:52:22'),(446,1,'stock','{\"products\":\"sleek kinky lipgloss\",\"stocktype\":\"update\",\"stocktype_update\":\"quantity\",\"stocktype_update_quantity\":\"add\",\"stocktype_update_quantity_count\":1,\"username\":\"debola1\"}','2014-02-01 07:52:54','2014-02-01 07:52:54'),(447,1,'stock','{\"products\":\"sleek kinky lipgloss\",\"stocktype\":\"unitprice\",\"stocktype_unitprice_mode\":\"wholesale price\",\"amount\":\"N1.00k\",\"username\":\"debola1\"}','2014-02-01 07:53:21','2014-02-01 07:53:21'),(448,1,'stock','{\"products\":\"sleek kinky lipgloss\",\"stocktype\":\"update\",\"stocktype_update\":\"quantity\",\"stocktype_update_quantity\":\"subtract\",\"stocktype_update_quantity_count\":-1,\"username\":\"debola1\"}','2014-02-01 07:53:42','2014-02-01 07:53:42'),(449,1,'stock','{\"products\":\"candy kane | fushier\",\"stocktype\":\"create\",\"username\":\"debola1\"}','2014-02-01 09:52:05','2014-02-01 09:52:05'),(450,1,'stock','{\"products\":\"fushier\",\"stocktype\":\"update\",\"stocktype_update\":\"quantity\",\"stocktype_update_quantity\":\"add\",\"stocktype_update_quantity_count\":5,\"username\":\"debola1\"}','2014-02-01 09:52:27','2014-02-01 09:52:27'),(451,1,'stock','{\"products\":\"fushier\",\"stocktype\":\"unitprice\",\"stocktype_unitprice_mode\":\"retail price\",\"amount\":\"N15.00k\",\"username\":\"debola1\"}','2014-02-01 09:53:01','2014-02-01 09:53:01'),(452,1,'stock','{\"products\":\"fushier\",\"stocktype\":\"discount\",\"stocktype_unitprice_mode\":\"retail discount\",\"amount\":\"2%\",\"username\":\"debola1\"}','2014-02-01 09:53:32','2014-02-01 09:53:32'),(453,1,'stock','{\"products\":\"fushier\",\"products_status\":1,\"stocktype\":\"status\",\"username\":\"debola1\"}','2014-02-01 10:00:54','2014-02-01 10:00:54'),(454,1,'stock','{\"products\":\"fushier\",\"products_status\":0,\"stocktype\":\"status\",\"username\":\"debola1\"}','2014-02-01 10:01:20','2014-02-01 10:01:20'),(455,1,'stock','{\"products\":\"fushier\",\"products_status\":1,\"stocktype\":\"status\",\"username\":\"debola1\"}','2014-02-01 10:01:24','2014-02-01 10:01:24'),(456,1,'stock','{\"products\":\"fushier\",\"stocktype\":\"update\",\"stocktype_update\":\"quantity\",\"stocktype_update_quantity\":\"add\",\"stocktype_update_quantity_count\":10,\"username\":\"debola1\"}','2014-02-01 10:02:28','2014-02-01 10:02:28'),(457,1,'stock','{\"products\":\"fushier\",\"stocktype\":\"update\",\"stocktype_update\":\"quantity\",\"stocktype_update_quantity\":\"subtract\",\"stocktype_update_quantity_count\":-1,\"username\":\"debola1\"}','2014-02-01 10:02:38','2014-02-01 10:02:38'),(458,1,'stock','{\"products\":\"fushier\",\"stocktype\":\"unitprice\",\"stocktype_unitprice_mode\":\"retail price\",\"amount\":\"N150.00k\",\"username\":\"debola1\"}','2014-02-01 10:23:47','2014-02-01 10:23:47'),(459,1,'loggedout','{\"username\":\"debola1\"}','2014-02-01 10:26:10','2014-02-01 10:26:10'),(460,1,'loggedin','{\"username\":\"debola1\"}','2014-02-01 10:28:15','2014-02-01 10:28:15'),(461,1,'loggedout','{\"username\":\"debola1\"}','2014-02-01 10:29:26','2014-02-01 10:29:26'),(462,1,'loggedin','{\"username\":\"debola1\"}','2014-02-01 14:44:44','2014-02-01 14:44:44'),(463,1,'stock','{\"products\":\"fushier\",\"stocktype\":\"update\",\"stocktype_update\":\"quantity\",\"stocktype_update_quantity\":\"subtract\",\"stocktype_update_quantity_count\":-6,\"username\":\"debola1\"}','2014-02-01 14:47:23','2014-02-01 14:47:23'),(464,1,'stock','{\"products\":\"fushier\",\"stocktype\":\"update\",\"stocktype_update\":\"quantity\",\"stocktype_update_quantity\":\"add\",\"stocktype_update_quantity_count\":9,\"username\":\"debola1\"}','2014-02-01 14:48:16','2014-02-01 14:48:16'),(465,1,'stock','{\"products\":\"fushier\",\"stocktype\":\"update\",\"stocktype_update\":\"quantity\",\"stocktype_update_quantity\":\"subtract\",\"stocktype_update_quantity_count\":-10,\"username\":\"debola1\"}','2014-02-01 14:48:24','2014-02-01 14:48:24'),(466,1,'stock','{\"products\":\"fushier\",\"stocktype\":\"update\",\"stocktype_update\":\"quantity\",\"stocktype_update_quantity\":\"add\",\"stocktype_update_quantity_count\":9,\"username\":\"debola1\"}','2014-02-01 14:49:36','2014-02-01 14:49:36'),(467,1,'stock','{\"products\":\"fushier\",\"stocktype\":\"update\",\"stocktype_update\":\"quantity\",\"stocktype_update_quantity\":\"subtract\",\"stocktype_update_quantity_count\":-9,\"username\":\"debola1\"}','2014-02-01 14:49:39','2014-02-01 14:49:39'),(468,1,'stock','{\"products\":\"fushier\",\"stocktype\":\"update\",\"stocktype_update\":\"quantity\",\"stocktype_update_quantity\":\"add\",\"stocktype_update_quantity_count\":9,\"username\":\"debola1\"}','2014-02-01 14:50:02','2014-02-01 14:50:02'),(469,1,'stock','{\"products\":\"fushier\",\"stocktype\":\"update\",\"stocktype_update\":\"quantity\",\"stocktype_update_quantity\":\"subtract\",\"stocktype_update_quantity_count\":-9,\"username\":\"debola1\"}','2014-02-01 14:50:06','2014-02-01 14:50:06'),(470,1,'stock','{\"products\":\"fushier\",\"stocktype\":\"update\",\"stocktype_update\":\"quantity\",\"stocktype_update_quantity\":\"add\",\"stocktype_update_quantity_count\":7,\"username\":\"debola1\"}','2014-02-01 14:51:13','2014-02-01 14:51:13'),(471,1,'stock','{\"products\":\"fushier\",\"stocktype\":\"update\",\"stocktype_update\":\"quantity\",\"stocktype_update_quantity\":\"subtract\",\"stocktype_update_quantity_count\":-7,\"username\":\"debola1\"}','2014-02-01 14:51:16','2014-02-01 14:51:16'),(472,1,'stock','{\"products\":\"fushier\",\"stocktype\":\"update\",\"stocktype_update\":\"quantity\",\"stocktype_update_quantity\":\"add\",\"stocktype_update_quantity_count\":7,\"username\":\"debola1\"}','2014-02-01 14:52:00','2014-02-01 14:52:00'),(473,1,'stock','{\"products\":\"fushier\",\"stocktype\":\"update\",\"stocktype_update\":\"quantity\",\"stocktype_update_quantity\":\"subtract\",\"stocktype_update_quantity_count\":-7,\"username\":\"debola1\"}','2014-02-01 14:52:04','2014-02-01 14:52:04'),(474,1,'stock','{\"products\":\"fushier\",\"stocktype\":\"update\",\"stocktype_update\":\"quantity\",\"stocktype_update_quantity\":\"add\",\"stocktype_update_quantity_count\":10,\"username\":\"debola1\"}','2014-02-01 14:59:31','2014-02-01 14:59:31'),(475,1,'loggedout','{\"username\":\"debola1\"}','2014-02-01 20:29:19','2014-02-01 20:29:19'),(476,1,'loggedin','{\"username\":\"debola1\"}','2014-02-01 20:29:31','2014-02-01 20:29:31'),(477,1,'loggedout','{\"username\":\"debola1\"}','2014-02-01 20:31:37','2014-02-01 20:31:37'),(478,1,'loggedin','{\"username\":\"debola1\"}','2014-02-01 20:31:44','2014-02-01 20:31:44'),(479,1,'loggedout','{\"username\":\"debola1\"}','2014-02-01 20:33:11','2014-02-01 20:33:11'),(480,1,'loggedin','{\"username\":\"debola1\"}','2014-02-01 20:33:21','2014-02-01 20:33:21'),(481,1,'loggedout','{\"username\":\"debola1\"}','2014-02-02 05:19:43','2014-02-02 05:19:43'),(482,1,'loggedin','{\"username\":\"debola1\"}','2014-02-02 05:20:02','2014-02-02 05:20:02'),(483,1,'loggedout','{\"username\":\"debola1\"}','2014-02-02 05:44:05','2014-02-02 05:44:05'),(484,3,'loggedin','{\"username\":\"melee3\"}','2014-02-02 05:44:17','2014-02-02 05:44:17'),(485,3,'loggedout','{\"username\":\"melee3\"}','2014-02-02 05:45:36','2014-02-02 05:45:36'),(486,3,'loggedin','{\"username\":\"melee3\"}','2014-02-02 05:45:50','2014-02-02 05:45:50'),(487,1,'loggedin','{\"username\":\"debola1\"}','2014-02-02 06:06:16','2014-02-02 06:06:16'),(488,1,'stock','{\"products\":\"fusha\",\"stocktype\":\"unitprice\",\"stocktype_unitprice_mode\":\"wholesale price\",\"amount\":\"N110.00k\",\"username\":\"debola1\"}','2014-02-02 06:07:37','2014-02-02 06:07:37'),(489,3,'loggedout','{\"username\":\"melee3\"}','2014-02-02 06:41:51','2014-02-02 06:41:51'),(490,3,'loggedin','{\"username\":\"melee3\"}','2014-02-02 06:42:00','2014-02-02 06:42:00'),(491,3,'loggedout','{\"username\":\"melee3\"}','2014-02-02 06:43:17','2014-02-02 06:43:17'),(492,3,'loggedin','{\"username\":\"melee3\"}','2014-02-02 06:43:25','2014-02-02 06:43:25'),(493,3,'loggedout','{\"username\":\"melee3\"}','2014-02-02 07:02:16','2014-02-02 07:02:16'),(494,3,'loggedin','{\"username\":\"melee3\"}','2014-02-02 07:02:29','2014-02-02 07:02:29'),(495,3,'loggedout','{\"username\":\"melee3\"}','2014-02-02 07:45:12','2014-02-02 07:45:12'),(496,3,'loggedin','{\"username\":\"melee3\"}','2014-02-02 07:45:25','2014-02-02 07:45:25'),(497,3,'loggedout','{\"username\":\"melee3\"}','2014-02-02 13:20:31','2014-02-02 13:20:31'),(498,1,'loggedin','{\"username\":\"debola1\"}','2014-02-02 13:20:50','2014-02-02 13:20:50'),(499,1,'stock','{\"products\":\"fusha\",\"stocktype\":\"update\",\"stocktype_update\":\"quantity\",\"stocktype_update_quantity\":\"subtract\",\"stocktype_update_quantity_count\":-10,\"username\":\"debola1\"}','2014-02-02 13:26:16','2014-02-02 13:26:16'),(500,1,'stock','{\"products\":\"fusha\",\"stocktype\":\"update\",\"stocktype_update\":\"quantity\",\"stocktype_update_quantity\":\"add\",\"stocktype_update_quantity_count\":1,\"username\":\"debola1\"}','2014-02-02 13:27:12','2014-02-02 13:27:12'),(501,1,'stock','{\"products\":\"fusha\",\"stocktype\":\"update\",\"stocktype_update\":\"quantity\",\"stocktype_update_quantity\":\"subtract\",\"stocktype_update_quantity_count\":-11,\"username\":\"debola1\"}','2014-02-02 13:27:26','2014-02-02 13:27:26'),(502,1,'stock','{\"products\":\"fusha\",\"stocktype\":\"update\",\"stocktype_update\":\"quantity\",\"stocktype_update_quantity\":\"add\",\"stocktype_update_quantity_count\":18,\"username\":\"debola1\"}','2014-02-02 13:27:38','2014-02-02 13:27:38'),(503,1,'loggedin','{\"username\":\"debola1\"}','2014-02-02 13:33:47','2014-02-02 13:33:47'),(504,1,'stock','{\"products\":\"fusha\",\"stocktype\":\"update\",\"stocktype_update\":\"quantity\",\"stocktype_update_quantity\":\"subtract\",\"stocktype_update_quantity_count\":-10,\"username\":\"debola1\"}','2014-02-02 13:34:26','2014-02-02 13:34:26'),(505,1,'stock','{\"products\":\"fusha\",\"stocktype\":\"update\",\"stocktype_update\":\"quantity\",\"stocktype_update_quantity\":\"subtract\",\"stocktype_update_quantity_count\":-2,\"username\":\"debola1\"}','2014-02-02 13:34:38','2014-02-02 13:34:38'),(506,1,'stock','{\"products\":\"candy kane\",\"stocktype\":\"update\",\"stocktype_update\":\"quantity\",\"stocktype_update_quantity\":\"add\",\"stocktype_update_quantity_count\":23,\"username\":\"debola1\"}','2014-02-02 15:14:16','2014-02-02 15:14:16'),(507,1,'stock','{\"products\":\"candy kane\",\"stocktype\":\"update\",\"stocktype_update\":\"quantity\",\"stocktype_update_quantity\":\"subtract\",\"stocktype_update_quantity_count\":-1,\"username\":\"debola1\"}','2014-02-02 15:23:00','2014-02-02 15:23:00'),(508,1,'stock','{\"products\":\"candy kane\",\"stocktype\":\"update\",\"stocktype_update\":\"quantity\",\"stocktype_update_quantity\":\"subtract\",\"stocktype_update_quantity_count\":-1,\"username\":\"debola1\"}','2014-02-02 15:23:40','2014-02-02 15:23:40'),(509,1,'stock','{\"products\":\"candy kane\",\"stocktype\":\"update\",\"stocktype_update\":\"quantity\",\"stocktype_update_quantity\":\"subtract\",\"stocktype_update_quantity_count\":-1,\"username\":\"debola1\"}','2014-02-02 15:26:07','2014-02-02 15:26:07'),(510,1,'stock','{\"products\":\"candy kane\",\"stocktype\":\"update\",\"stocktype_update\":\"quantity\",\"stocktype_update_quantity\":\"subtract\",\"stocktype_update_quantity_count\":-1,\"username\":\"debola1\"}','2014-02-02 15:27:29','2014-02-02 15:27:29'),(511,1,'stock','{\"products\":\"candy kane\",\"stocktype\":\"update\",\"stocktype_update\":\"quantity\",\"stocktype_update_quantity\":\"subtract\",\"stocktype_update_quantity_count\":-17,\"username\":\"debola1\"}','2014-02-02 15:28:21','2014-02-02 15:28:21'),(512,1,'stock','{\"products\":\"candy kane\",\"stocktype\":\"update\",\"stocktype_update\":\"quantity\",\"stocktype_update_quantity\":\"add\",\"stocktype_update_quantity_count\":1,\"username\":\"debola1\"}','2014-02-02 15:29:23','2014-02-02 15:29:23'),(513,1,'stock','{\"products\":\"candy kane\",\"stocktype\":\"update\",\"stocktype_update\":\"quantity\",\"stocktype_update_quantity\":\"subtract\",\"stocktype_update_quantity_count\":-1,\"username\":\"debola1\"}','2014-02-02 15:44:47','2014-02-02 15:44:47'),(514,1,'stock','{\"products\":\"candy kane\",\"stocktype\":\"update\",\"stocktype_update\":\"quantity\",\"stocktype_update_quantity\":\"add\",\"stocktype_update_quantity_count\":1,\"username\":\"debola1\"}','2014-02-02 15:45:51','2014-02-02 15:45:51'),(515,1,'stock','{\"products\":\"candy kane\",\"stocktype\":\"update\",\"stocktype_update\":\"quantity\",\"stocktype_update_quantity\":\"subtract\",\"stocktype_update_quantity_count\":-2,\"username\":\"debola1\"}','2014-02-02 15:45:59','2014-02-02 15:45:59'),(516,1,'stock','{\"products\":\"fusha\",\"stocktype\":\"unitprice\",\"stocktype_unitprice_mode\":\"retail price\",\"amount\":\"N1,300.00k\",\"username\":\"debola1\"}','2014-02-02 16:49:05','2014-02-02 16:49:05'),(517,1,'stock','{\"products\":\"fusha\",\"stocktype\":\"unitprice\",\"stocktype_unitprice_mode\":\"retail price\",\"amount\":\"N5,000.00k\",\"username\":\"debola1\"}','2014-02-02 17:11:08','2014-02-02 17:11:08'),(518,1,'stock','{\"products\":\"fusha\",\"stocktype\":\"unitprice\",\"stocktype_unitprice_mode\":\"retail price\",\"amount\":\"N5,000.00k\",\"username\":\"debola1\"}','2014-02-02 17:11:58','2014-02-02 17:11:58'),(519,1,'stock','{\"products\":\"fusha\",\"stocktype\":\"unitprice\",\"stocktype_unitprice_mode\":\"retail price\",\"amount\":\"N6,009.60k\",\"username\":\"debola1\"}','2014-02-02 17:13:31','2014-02-02 17:13:31'),(520,1,'stock','{\"products\":\"fusha\",\"stocktype\":\"unitprice\",\"stocktype_unitprice_mode\":\"retail price\",\"amount\":\"N1,300.00k\",\"username\":\"debola1\"}','2014-02-02 17:14:48','2014-02-02 17:14:48'),(521,1,'stock','{\"products\":\"fusha\",\"stocktype\":\"unitprice\",\"stocktype_unitprice_mode\":\"retail price\",\"amount\":\"N1,400.00k\",\"username\":\"debola1\"}','2014-02-02 17:17:22','2014-02-02 17:17:22'),(522,1,'stock','{\"products\":\"fusha\",\"stocktype\":\"unitprice\",\"stocktype_unitprice_mode\":\"retail price\",\"amount\":\"N2,000.00k\",\"username\":\"debola1\"}','2014-02-02 17:18:06','2014-02-02 17:18:06'),(523,1,'stock','{\"products\":\"fusha\",\"stocktype\":\"unitprice\",\"stocktype_unitprice_mode\":\"retail price\",\"amount\":\"N1,800.70k\",\"username\":\"debola1\"}','2014-02-02 17:46:30','2014-02-02 17:46:30'),(524,1,'stock','{\"products\":\"fusha\",\"stocktype\":\"unitprice\",\"stocktype_unitprice_mode\":\"retail price\",\"amount\":\"N1,800.00k\",\"username\":\"debola1\"}','2014-02-02 17:48:20','2014-02-02 17:48:20'),(525,1,'stock','{\"products\":\"fusha\",\"stocktype\":\"unitprice\",\"stocktype_unitprice_mode\":\"retail price\",\"amount\":\"N1,806.00k\",\"username\":\"debola1\"}','2014-02-02 17:49:28','2014-02-02 17:49:28'),(526,1,'stock','{\"products\":\"fusha\",\"stocktype\":\"unitprice\",\"stocktype_unitprice_mode\":\"retail price\",\"amount\":\"N1,506.00k\",\"username\":\"debola1\"}','2014-02-02 17:50:10','2014-02-02 17:50:10'),(527,1,'stock','{\"products\":\"fusha\",\"stocktype\":\"unitprice\",\"stocktype_unitprice_mode\":\"retail price\",\"amount\":\"N1,607.00k\",\"username\":\"debola1\"}','2014-02-02 17:51:30','2014-02-02 17:51:30'),(528,1,'stock','{\"products\":\"fusha\",\"stocktype\":\"unitprice\",\"stocktype_unitprice_mode\":\"retail price\",\"amount\":\"N8,000.90k\",\"username\":\"debola1\"}','2014-02-02 17:53:43','2014-02-02 17:53:43'),(529,1,'stock','{\"products\":\"fusha\",\"stocktype\":\"unitprice\",\"stocktype_unitprice_mode\":\"retail price\",\"amount\":\"N10,000.00k\",\"username\":\"debola1\"}','2014-02-02 17:59:59','2014-02-02 17:59:59'),(530,1,'stock','{\"products\":\"fusha\",\"stocktype\":\"unitprice\",\"stocktype_unitprice_mode\":\"retail price\",\"amount\":\"N12,000.00k\",\"username\":\"debola1\"}','2014-02-02 18:00:58','2014-02-02 18:00:58'),(531,1,'stock','{\"products\":\"candy kane\",\"stocktype\":\"unitprice\",\"stocktype_unitprice_mode\":\"retail price\",\"amount\":\"N300.00k\",\"username\":\"debola1\"}','2014-02-02 19:11:21','2014-02-02 19:11:21'),(532,1,'stock','{\"products\":\"candy kane\",\"stocktype\":\"update\",\"stocktype_update\":\"quantity\",\"stocktype_update_quantity\":\"add\",\"stocktype_update_quantity_count\":2,\"username\":\"debola1\"}','2014-02-02 19:11:41','2014-02-02 19:11:41'),(533,1,'stock','{\"products\":\"candy kane\",\"stocktype\":\"update\",\"stocktype_update\":\"quantity\",\"stocktype_update_quantity\":\"subtract\",\"stocktype_update_quantity_count\":-2,\"username\":\"debola1\"}','2014-02-02 19:12:35','2014-02-02 19:12:35'),(534,1,'stock','{\"products\":\"candy kane\",\"stocktype\":\"update\",\"stocktype_update\":\"quantity\",\"stocktype_update_quantity\":\"add\",\"stocktype_update_quantity_count\":1,\"username\":\"debola1\"}','2014-02-02 19:14:33','2014-02-02 19:14:33'),(535,1,'stock','{\"products\":\"candy kane\",\"stocktype\":\"update\",\"stocktype_update\":\"quantity\",\"stocktype_update_quantity\":\"subtract\",\"stocktype_update_quantity_count\":-1,\"username\":\"debola1\"}','2014-02-02 19:15:07','2014-02-02 19:15:07'),(536,1,'stock','{\"products\":\"candy kane\",\"stocktype\":\"update\",\"stocktype_update\":\"quantity\",\"stocktype_update_quantity\":\"add\",\"stocktype_update_quantity_count\":1,\"username\":\"debola1\"}','2014-02-02 19:15:34','2014-02-02 19:15:34'),(537,1,'stock','{\"products\":\"candy kane\",\"stocktype\":\"update\",\"stocktype_update\":\"quantity\",\"stocktype_update_quantity\":\"subtract\",\"stocktype_update_quantity_count\":-1,\"username\":\"debola1\"}','2014-02-02 19:16:07','2014-02-02 19:16:07'),(538,1,'stock','{\"products\":\"candy kane\",\"stocktype\":\"update\",\"stocktype_update\":\"quantity\",\"stocktype_update_quantity\":\"add\",\"stocktype_update_quantity_count\":1,\"username\":\"debola1\"}','2014-02-02 19:18:48','2014-02-02 19:18:48'),(539,1,'stock','{\"products\":\"candy kane\",\"stocktype\":\"unitprice\",\"stocktype_unitprice_mode\":\"retail price\",\"amount\":\"N200.00k\",\"username\":\"debola1\"}','2014-02-02 19:20:04','2014-02-02 19:20:04'),(540,1,'stock','{\"products\":\"pencil\",\"stocktype\":\"create\",\"username\":\"debola1\"}','2014-02-02 19:21:52','2014-02-02 19:21:52'),(541,1,'stock','{\"products\":\"pencil\",\"stocktype\":\"update\",\"stocktype_update\":\"quantity\",\"stocktype_update_quantity\":\"add\",\"stocktype_update_quantity_count\":500,\"username\":\"debola1\"}','2014-02-02 19:22:49','2014-02-02 19:22:49'),(542,1,'stock','{\"products\":\"pencil\",\"stocktype\":\"unitprice\",\"stocktype_unitprice_mode\":\"retail price\",\"amount\":\"N600.00k\",\"username\":\"debola1\"}','2014-02-02 19:23:20','2014-02-02 19:23:20'),(543,1,'stock','{\"products\":\"pencil\",\"stocktype\":\"unitprice\",\"stocktype_unitprice_mode\":\"wholesale price\",\"amount\":\"N300.00k\",\"username\":\"debola1\"}','2014-02-02 19:24:10','2014-02-02 19:24:10'),(544,1,'stock','{\"products\":\"pencil\",\"products_status\":1,\"stocktype\":\"status\",\"username\":\"debola1\"}','2014-02-02 19:30:36','2014-02-02 19:30:36'),(545,3,'loggedin','{\"username\":\"melee3\"}','2014-02-02 19:33:20','2014-02-02 19:33:20'),(546,1,'stock','{\"products\":\"candy kane\",\"products_status\":1,\"stocktype\":\"status\",\"username\":\"debola1\"}','2014-02-02 19:33:56','2014-02-02 19:33:56'),(547,1,'stock','{\"products\":\"pencil\",\"products_status\":0,\"stocktype\":\"status\",\"username\":\"debola1\"}','2014-02-02 19:51:07','2014-02-02 19:51:07'),(548,1,'stock','{\"products\":\"pencil\",\"products_status\":1,\"stocktype\":\"status\",\"username\":\"debola1\"}','2014-02-02 19:51:10','2014-02-02 19:51:10'),(549,1,'stock','{\"products\":\"fusha\",\"stocktype\":\"update\",\"stocktype_update\":\"quantity\",\"stocktype_update_quantity\":\"add\",\"stocktype_update_quantity_count\":10,\"username\":\"debola1\"}','2014-02-02 20:19:31','2014-02-02 20:19:31'),(550,1,'stock','{\"products\":\"fusha\",\"stocktype\":\"update\",\"stocktype_update\":\"quantity\",\"stocktype_update_quantity\":\"add\",\"stocktype_update_quantity_count\":4,\"username\":\"debola1\"}','2014-02-02 20:19:46','2014-02-02 20:19:46'),(551,1,'stock','{\"products\":\"pencil\",\"stocktype\":\"discount\",\"stocktype_unitprice_mode\":\"retail discount\",\"amount\":\"10%\",\"username\":\"debola1\"}','2014-02-02 20:43:09','2014-02-02 20:43:09'),(552,1,'stock','{\"products\":\"candy kane\",\"stocktype\":\"unitprice\",\"stocktype_unitprice_mode\":\"retail price\",\"amount\":\"N300.00k\",\"username\":\"debola1\"}','2014-02-02 21:15:41','2014-02-02 21:15:41'),(553,1,'stock','{\"products\":\"candy kane\",\"stocktype\":\"unitprice\",\"stocktype_unitprice_mode\":\"retail price\",\"amount\":\"N250.00k\",\"username\":\"debola1\"}','2014-02-02 21:17:37','2014-02-02 21:17:37'),(554,1,'stock','{\"products\":\"fusha\",\"stocktype\":\"update\",\"stocktype_update\":\"quantity\",\"stocktype_update_quantity\":\"add\",\"stocktype_update_quantity_count\":50,\"username\":\"debola1\"}','2014-02-02 21:34:31','2014-02-02 21:34:31'),(555,1,'stock','{\"products\":\"fusha\",\"stocktype\":\"unitprice\",\"stocktype_unitprice_mode\":\"retail price\",\"amount\":\"N500.00k\",\"username\":\"debola1\"}','2014-02-02 21:36:31','2014-02-02 21:36:31'),(556,1,'stock','{\"products\":\"fusha\",\"stocktype\":\"unitprice\",\"stocktype_unitprice_mode\":\"retail price\",\"amount\":\"N5,000.00k\",\"username\":\"debola1\"}','2014-02-02 21:37:02','2014-02-02 21:37:02'),(557,1,'stock','{\"products\":\"fusha\",\"stocktype\":\"unitprice\",\"stocktype_unitprice_mode\":\"wholesale price\",\"amount\":\"N3,500.00k\",\"username\":\"debola1\"}','2014-02-02 21:38:06','2014-02-02 21:38:06'),(558,1,'stock','{\"products\":\"candy kane\",\"stocktype\":\"unitprice\",\"stocktype_unitprice_mode\":\"wholesale price\",\"amount\":\"N180.00k\",\"username\":\"debola1\"}','2014-02-02 21:38:17','2014-02-02 21:38:17'),(559,1,'stock','{\"products\":\"tiss\",\"stocktype\":\"discount\",\"stocktype_unitprice_mode\":\"retail discount\",\"amount\":\"0%\",\"username\":\"debola1\"}','2014-02-02 22:01:59','2014-02-02 22:01:59'),(560,1,'stock','{\"products\":\"sleek kinky lipgloss\",\"stocktype\":\"update\",\"stocktype_update\":\"quantity\",\"stocktype_update_quantity\":\"add\",\"stocktype_update_quantity_count\":50,\"username\":\"debola1\"}','2014-02-03 08:46:32','2014-02-03 08:46:32'),(561,1,'stock','{\"products\":\"toshiba laptop\",\"stocktype\":\"delete\",\"username\":\"debola1\"}','2014-02-03 08:48:31','2014-02-03 08:48:31'),(562,1,'stock','{\"products\":\"end of discussion\",\"stocktype\":\"delete\",\"username\":\"debola1\"}','2014-02-03 08:49:16','2014-02-03 08:49:16'),(563,1,'stock','{\"products\":\"sick thems\",\"stocktype\":\"create\",\"username\":\"debola1\"}','2014-02-06 22:35:12','2014-02-06 22:35:12'),(564,1,'stock','{\"products\":\"sick thems\",\"stocktype\":\"update\",\"stocktype_update\":\"quantity\",\"stocktype_update_quantity\":\"add\",\"stocktype_update_quantity_count\":29,\"username\":\"debola1\"}','2014-02-06 22:35:53','2014-02-06 22:35:53'),(565,1,'stock','{\"products\":\"sick thems\",\"stocktype\":\"update\",\"stocktype_update\":\"quantity\",\"stocktype_update_quantity\":\"add\",\"stocktype_update_quantity_count\":2,\"username\":\"debola1\"}','2014-02-06 22:36:09','2014-02-06 22:36:09'),(566,1,'stock','{\"products\":\"sick thems\",\"stocktype\":\"update\",\"stocktype_update\":\"quantity\",\"stocktype_update_quantity\":\"subtract\",\"stocktype_update_quantity_count\":-30,\"username\":\"debola1\"}','2014-02-06 22:36:29','2014-02-06 22:36:29'),(567,1,'stock','{\"products\":\"sick thems\",\"products_status\":1,\"stocktype\":\"status\",\"username\":\"debola1\"}','2014-02-06 22:36:46','2014-02-06 22:36:46'),(568,1,'stock','{\"products\":\"sick thems\",\"stocktype\":\"update\",\"stocktype_update\":\"quantity\",\"stocktype_update_quantity\":\"add\",\"stocktype_update_quantity_count\":20,\"username\":\"debola1\"}','2014-02-06 22:37:01','2014-02-06 22:37:01'),(569,1,'stock','{\"products\":\"sick thems\",\"stocktype\":\"update\",\"stocktype_update\":\"quantity\",\"stocktype_update_quantity\":\"subtract\",\"stocktype_update_quantity_count\":-10,\"username\":\"debola1\"}','2014-02-06 22:37:18','2014-02-06 22:37:18'),(570,1,'stock','{\"products\":\"sick thems\",\"stocktype\":\"delete\",\"username\":\"debola1\"}','2014-02-06 22:39:04','2014-02-06 22:39:04'),(571,1,'stock','{\"products\":\"thdms\",\"stocktype\":\"create\",\"username\":\"debola1\"}','2014-02-06 22:41:34','2014-02-06 22:41:34'),(572,1,'stock','{\"products\":\"thdms\",\"products_status\":1,\"stocktype\":\"status\",\"username\":\"debola1\"}','2014-02-06 22:41:46','2014-02-06 22:41:46'),(573,1,'stock','{\"products\":\"thdms\",\"stocktype\":\"delete\",\"username\":\"debola1\"}','2014-02-06 22:42:03','2014-02-06 22:42:03'),(574,1,'stock','{\"products\":\"fesh\",\"stocktype\":\"create\",\"username\":\"debola1\"}','2014-02-06 22:42:28','2014-02-06 22:42:28'),(575,1,'stock','{\"products\":\"fesh\",\"products_status\":1,\"stocktype\":\"status\",\"username\":\"debola1\"}','2014-02-06 22:42:46','2014-02-06 22:42:46'),(576,1,'stock','{\"products\":\"fesh\",\"stocktype\":\"delete\",\"username\":\"debola1\"}','2014-02-06 22:43:21','2014-02-06 22:43:21'),(577,1,'stock','{\"products\":\"ye\",\"stocktype\":\"create\",\"username\":\"debola1\"}','2014-02-06 22:44:34','2014-02-06 22:44:34'),(578,1,'stock','{\"products\":\"ye\",\"products_status\":1,\"stocktype\":\"status\",\"username\":\"debola1\"}','2014-02-06 22:44:58','2014-02-06 22:44:58'),(579,1,'stock','{\"products\":\"ye\",\"stocktype\":\"delete\",\"username\":\"debola1\"}','2014-02-06 22:45:12','2014-02-06 22:45:12'),(580,1,'stock','{\"products\":\"\",\"stocktype\":\"create\",\"username\":\"debola1\"}','2014-02-06 22:48:22','2014-02-06 22:48:22'),(581,1,'stock','{\"products\":\"d\",\"stocktype\":\"create\",\"username\":\"debola1\"}','2014-02-06 22:48:24','2014-02-06 22:48:24'),(582,1,'stock','{\"products\":\"d\",\"products_status\":1,\"stocktype\":\"status\",\"username\":\"debola1\"}','2014-02-06 22:48:38','2014-02-06 22:48:38'),(583,1,'stock','{\"products\":\"d\",\"stocktype\":\"delete\",\"username\":\"debola1\"}','2014-02-06 22:48:48','2014-02-06 22:48:48'),(584,1,'stock','{\"products\":\"sd\",\"stocktype\":\"create\",\"username\":\"debola1\"}','2014-02-06 22:49:36','2014-02-06 22:49:36'),(585,1,'stock','{\"products\":\"sd\",\"products_status\":1,\"stocktype\":\"status\",\"username\":\"debola1\"}','2014-02-06 22:49:53','2014-02-06 22:49:53'),(586,1,'stock','{\"products\":\"sd\",\"stocktype\":\"delete\",\"username\":\"debola1\"}','2014-02-06 22:50:42','2014-02-06 22:50:42'),(587,1,'stock','{\"products\":\"dfds\",\"stocktype\":\"create\",\"username\":\"debola1\"}','2014-02-06 22:50:58','2014-02-06 22:50:58'),(588,1,'stock','{\"products\":\"dfds\",\"products_status\":1,\"stocktype\":\"status\",\"username\":\"debola1\"}','2014-02-06 22:51:07','2014-02-06 22:51:07'),(589,1,'stock','{\"products\":\"the | thel | dka | sff\",\"stocktype\":\"create\",\"username\":\"debola1\"}','2014-02-06 22:51:33','2014-02-06 22:51:33'),(590,1,'stock','{\"products\":\"sff | dka | thel | the\",\"products_status\":1,\"stocktype\":\"status\",\"username\":\"debola1\"}','2014-02-06 22:51:52','2014-02-06 22:51:52'),(591,1,'stock','{\"products\":\"the\",\"stocktype\":\"delete\",\"username\":\"debola1\"}','2014-02-06 22:55:00','2014-02-06 22:55:00'),(592,1,'stock','{\"products\":\"sleek kinky lipgloss\",\"stocktype\":\"unitprice\",\"stocktype_unitprice_mode\":\"retail price\",\"amount\":\"N1,500.00k\",\"username\":\"debola1\"}','2014-02-07 16:28:53','2014-02-07 16:28:53'),(593,1,'stock','{\"products\":\"sleek kinky lipgloss\",\"stocktype\":\"unitprice\",\"stocktype_unitprice_mode\":\"retail price\",\"amount\":\"N1,500.00k\",\"username\":\"debola1\"}','2014-02-07 16:29:31','2014-02-07 16:29:31'),(594,1,'stock','{\"products\":\"sleek kinky lipgloss\",\"stocktype\":\"unitprice\",\"stocktype_unitprice_mode\":\"retail price\",\"amount\":\"N1,500.00k\",\"username\":\"debola1\"}','2014-02-07 16:30:36','2014-02-07 16:30:36'),(595,1,'sale','{\"username\":\"debola1\",\"totalprice\":\"1425\",\"customername\":\"Adebola Bello\",\"receipt_number\":69}','2014-02-07 16:43:57','2014-02-07 16:43:57'),(596,1,'sale','{\"username\":\"debola1\",\"totalprice\":\"1425\",\"customername\":\"Adebola Bello\",\"receipt_number\":70}','2014-02-07 16:47:18','2014-02-07 16:47:18'),(597,1,'sale','{\"username\":\"debola1\",\"totalprice\":\"1425\",\"customername\":\"Adebola Bello\",\"receipt_number\":71}','2014-02-07 16:53:26','2014-02-07 16:53:26'),(598,1,'sale','{\"username\":\"debola1\",\"totalprice\":\"1425\",\"customername\":\"Adebola Bello\",\"receipt_number\":72}','2014-02-07 16:59:22','2014-02-07 16:59:22'),(599,1,'loggedin','{\"username\":\"debola1\"}','2014-02-08 00:42:00','2014-02-08 00:42:00'),(600,1,'loggedout','{\"username\":\"debola1\"}','2014-02-08 01:04:16','2014-02-08 01:04:16'),(601,3,'loggedin','{\"username\":\"melee3\"}','2014-02-08 01:04:27','2014-02-08 01:04:27'),(602,3,'loggedout','{\"username\":\"melee3\"}','2014-02-08 18:54:30','2014-02-08 18:54:30'),(603,1,'loggedout','{\"username\":\"debola1\"}','2014-02-08 18:54:35','2014-02-08 18:54:35'),(604,1,'loggedin','{\"username\":\"debola1\"}','2014-02-08 18:54:42','2014-02-08 18:54:42'),(605,1,'loggedin','{\"username\":\"debola1\"}','2014-02-09 07:28:48','2014-02-09 07:28:48'),(606,1,'loggedin','{\"username\":\"debola1\"}','2014-02-09 16:34:44','2014-02-09 16:34:44'),(607,1,'loggedin','{\"username\":\"debola1\"}','2014-02-10 19:02:11','2014-02-10 19:02:11'),(608,1,'loggedin','{\"username\":\"debola1\"}','2014-02-10 21:44:26','2014-02-10 21:44:26'),(609,1,'loggedout','{\"username\":\"debola1\"}','2014-02-10 22:53:44','2014-02-10 22:53:44'),(610,1,'loggedin','{\"username\":\"debola1\"}','2014-02-11 20:24:29','2014-02-11 20:24:29'),(611,1,'stock','{\"products\":\"pencil\",\"stocktype\":\"discount\",\"stocktype_unitprice_mode\":\"retail discount\",\"amount\":\"0%\",\"username\":\"debola1\"}','2014-02-11 20:25:50','2014-02-11 20:25:50'),(612,1,'loggedin','{\"username\":\"debola1\"}','2014-02-11 21:27:04','2014-02-11 21:27:04'),(613,1,'loggedout','{\"username\":\"debola1\"}','2014-02-11 21:27:48','2014-02-11 21:27:48'),(614,3,'loggedin','{\"username\":\"melee3\"}','2014-02-11 21:27:54','2014-02-11 21:27:54'),(615,1,'loggedout','{\"username\":\"debola1\"}','2014-02-11 21:28:28','2014-02-11 21:28:28'),(616,1,'loggedin','{\"username\":\"debola1\"}','2014-02-11 21:28:39','2014-02-11 21:28:39'),(617,1,'loggedout','{\"username\":\"debola1\"}','2014-02-11 21:56:41','2014-02-11 21:56:41'),(618,1,'loggedin','{\"username\":\"debola1\"}','2014-02-11 21:56:53','2014-02-11 21:56:53'),(619,1,'loggedin','{\"username\":\"debola1\"}','2014-02-14 21:07:51','2014-02-14 21:07:51'),(620,1,'loggedout','{\"username\":\"debola1\"}','2014-02-15 11:12:33','2014-02-15 11:12:33'),(621,1,'loggedin','{\"username\":\"debola1\"}','2014-02-15 11:12:39','2014-02-15 11:12:39'),(622,1,'loggedout','{\"username\":\"debola1\"}','2014-02-15 19:57:49','2014-02-15 19:57:49'),(623,1,'loggedin','{\"username\":\"debola1\"}','2014-02-15 19:57:58','2014-02-15 19:57:58'),(624,1,'loggedout','{\"username\":\"debola1\"}','2014-02-15 20:00:21','2014-02-15 20:00:21'),(625,1,'loggedin','{\"username\":\"debola1\"}','2014-02-15 20:00:30','2014-02-15 20:00:30'),(626,1,'loggedout','{\"username\":\"debola1\"}','2014-02-19 15:39:24','2014-02-19 15:39:24'),(627,1,'loggedin','{\"username\":\"debola1\"}','2014-02-19 15:39:33','2014-02-19 15:39:33'),(628,1,'loggedout','{\"username\":\"debola1\"}','2014-02-19 16:49:58','2014-02-19 16:49:58'),(629,1,'loggedout','{\"username\":\"debola1\"}','2014-02-19 16:56:57','2014-02-19 16:56:57'),(630,1,'loggedin','{\"username\":\"debola1\"}','2014-02-19 16:57:10','2014-02-19 16:57:10'),(631,1,'loggedin','{\"username\":\"debola1\"}','2014-04-27 07:11:39','2014-04-27 07:11:39'),(632,1,'stock','{\"products\":\"Liquid Liner\",\"stocktype\":\"create\",\"username\":\"debola1\"}','2014-04-27 07:13:35','2014-04-27 07:13:35'),(633,1,'stock','{\"products\":\"liquid liner\",\"stocktype\":\"update\",\"stocktype_update\":\"quantity\",\"stocktype_update_quantity\":\"add\",\"stocktype_update_quantity_count\":10,\"username\":\"debola1\"}','2014-04-27 07:13:54','2014-04-27 07:13:54'),(634,1,'stock','{\"products\":\"liquid liner\",\"stocktype\":\"unitprice\",\"stocktype_unitprice_mode\":\"retail price\",\"amount\":\"N300.00k\",\"username\":\"debola1\"}','2014-04-27 07:14:13','2014-04-27 07:14:13'),(635,1,'stock','{\"products\":\"liquid liner\",\"stocktype\":\"unitprice\",\"stocktype_unitprice_mode\":\"wholesale price\",\"amount\":\"N250.00k\",\"username\":\"debola1\"}','2014-04-27 07:20:31','2014-04-27 07:20:31'),(636,1,'stock','{\"products\":\"liquid liner\",\"products_status\":1,\"stocktype\":\"status\",\"username\":\"debola1\"}','2014-04-27 07:22:04','2014-04-27 07:22:04'),(637,1,'sale','{\"username\":\"debola1\",\"totalprice\":\"1400\",\"customername\":\"Adebola Bello\",\"receipt_number\":73}','2014-04-27 07:26:27','2014-04-27 07:26:27'),(638,1,'sale','{\"username\":\"debola1\",\"totalprice\":\"1400\",\"customername\":\"Adebola Bello\",\"receipt_number\":74}','2014-04-27 07:26:29','2014-04-27 07:26:29'),(639,1,'sale','{\"username\":\"debola1\",\"totalprice\":\"300\",\"customername\":null,\"receipt_number\":75}','2014-04-27 07:41:36','2014-04-27 07:41:36'),(640,1,'sale','{\"username\":\"debola1\",\"totalprice\":\"35200\",\"customername\":null,\"receipt_number\":76}','2014-04-27 12:40:00','2014-04-27 12:40:00'),(641,1,'sale','{\"username\":\"debola1\",\"totalprice\":\"4900\",\"customername\":null,\"receipt_number\":77}','2014-04-27 12:48:38','2014-04-27 12:48:38'),(642,1,'sale','{\"username\":\"debola1\",\"totalprice\":\"600\",\"customername\":null,\"receipt_number\":78}','2014-04-27 12:49:27','2014-04-27 12:49:27'),(643,1,'loggedin','{\"username\":\"debola1\"}','2014-04-27 13:00:47','2014-04-27 13:00:47'),(644,1,'sale','{\"username\":\"debola1\",\"totalprice\":\"28600\",\"customername\":\"Adebola Bello\",\"receipt_number\":79}','2014-04-27 14:52:17','2014-04-27 14:52:17'),(645,1,'sale','{\"username\":\"debola1\",\"totalprice\":\"28600\",\"customername\":\"Adebola Bello\",\"receipt_number\":80}','2014-04-27 14:52:19','2014-04-27 14:52:19'),(646,1,'sale','{\"username\":\"debola1\",\"totalprice\":\"28600\",\"customername\":\"Adebola Bello\",\"receipt_number\":81}','2014-04-27 14:52:22','2014-04-27 14:52:22'),(647,1,'loggedin','{\"username\":\"debola1\"}','2014-04-27 14:54:23','2014-04-27 14:54:23'),(648,1,'loggedin','{\"username\":\"debola1\"}','2014-05-01 07:27:15','2014-05-01 07:27:15'),(649,1,'sale','{\"username\":\"debola1\",\"totalprice\":\"600\",\"customername\":null,\"receipt_number\":82}','2014-05-01 19:25:06','2014-05-01 19:25:06'),(650,1,'sale','{\"username\":\"debola1\",\"totalprice\":\"9300\",\"customername\":\"Adebola Bello\",\"receipt_number\":83}','2014-05-01 20:52:45','2014-05-01 20:52:45'),(651,1,'stock','{\"products\":\"Devil May cry\",\"stocktype\":\"create\",\"username\":\"debola1\"}','2014-05-02 09:09:10','2014-05-02 09:09:10'),(652,1,'stock','{\"products\":\"pencil\",\"stocktype\":\"update\",\"stocktype_update\":\"quantity\",\"stocktype_update_quantity\":\"subtract\",\"stocktype_update_quantity_count\":-479,\"username\":\"debola1\"}','2014-05-02 09:15:14','2014-05-02 09:15:14'),(653,1,'stock','{\"products\":\"liquid liner\",\"stocktype\":\"update\",\"stocktype_update\":\"quantity\",\"stocktype_update_quantity\":\"add\",\"stocktype_update_quantity_count\":1,\"username\":\"debola1\"}','2014-05-02 09:15:56','2014-05-02 09:15:56'),(654,1,'sale','{\"username\":\"debola1\",\"totalprice\":\"600\",\"customername\":\"Adebola Bello\",\"receipt_number\":84}','2014-05-02 09:22:33','2014-05-02 09:22:33'),(655,1,'sale','{\"username\":\"debola1\",\"totalprice\":\"300\",\"customername\":\"Adebola Bello\",\"receipt_number\":85}','2014-05-02 09:30:46','2014-05-02 09:30:46'),(656,1,'sale','{\"username\":\"debola1\",\"totalprice\":\"600\",\"customername\":null,\"receipt_number\":86}','2014-05-02 09:40:13','2014-05-02 09:40:13'),(657,1,'sale','{\"username\":\"debola1\",\"totalprice\":\"600\",\"customername\":null,\"receipt_number\":87}','2014-05-02 10:11:54','2014-05-02 10:11:54'),(658,1,'stock','{\"products\":\"liquid liner | pencil | fusha | candy kane | rubywoo\",\"stocktype\":\"delete\",\"username\":\"debola1\"}','2014-05-02 10:44:08','2014-05-02 10:44:08'),(659,1,'stock','{\"products\":\"devil may cry\",\"stocktype\":\"update\",\"stocktype_update\":\"quantity\",\"stocktype_update_quantity\":\"add\",\"stocktype_update_quantity_count\":100,\"username\":\"debola1\"}','2014-05-02 10:45:13','2014-05-02 10:45:13'),(660,1,'stock','{\"products\":\"devil may cry\",\"stocktype\":\"unitprice\",\"stocktype_unitprice_mode\":\"retail price\",\"amount\":\"N12,000.00k\",\"username\":\"debola1\"}','2014-05-02 10:45:21','2014-05-02 10:45:21'),(661,1,'stock','{\"products\":\"devil may cry\",\"products_status\":1,\"stocktype\":\"status\",\"username\":\"debola1\"}','2014-05-02 10:45:49','2014-05-02 10:45:49'),(662,1,'stock','{\"products\":\"devil may cry\",\"stocktype\":\"unitprice\",\"stocktype_unitprice_mode\":\"wholesale price\",\"amount\":\"N9,500.00k\",\"username\":\"debola1\"}','2014-05-02 10:46:19','2014-05-02 10:46:19'),(663,1,'stock','{\"products\":\"they | dsw | nfgs | wj sd | hjiwfsa\",\"stocktype\":\"create\",\"username\":\"debola1\"}','2014-05-02 10:49:16','2014-05-02 10:49:16'),(664,1,'stock','{\"products\":\"hjiwfsa | wj sd | nfgs | dsw | they\",\"stocktype\":\"delete\",\"username\":\"debola1\"}','2014-05-02 10:49:32','2014-05-02 10:49:32'),(665,1,'stock','{\"products\":\"trans | mhsdfm | jhssad\",\"stocktype\":\"create\",\"username\":\"debola1\"}','2014-05-02 11:07:08','2014-05-02 11:07:08'),(666,1,'stock','{\"products\":\"mhsdfm\",\"stocktype\":\"delete\",\"username\":\"debola1\"}','2014-05-02 11:07:24','2014-05-02 11:07:24'),(667,1,'stock','{\"products\":\"metal gear solid zero\",\"stocktype\":\"unitprice\",\"stocktype_unitprice_mode\":\"retail price\",\"amount\":\"N8,300.00k\",\"username\":\"debola1\"}','2014-05-02 11:08:16','2014-05-02 11:08:16'),(668,1,'stock','{\"products\":\"metal gear solid zero\",\"stocktype\":\"update\",\"stocktype_update\":\"quantity\",\"stocktype_update_quantity\":\"add\",\"stocktype_update_quantity_count\":39,\"username\":\"debola1\"}','2014-05-02 11:08:22','2014-05-02 11:08:22'),(669,1,'stock','{\"products\":\"metal gear solid zero\",\"stocktype\":\"update\",\"stocktype_update\":\"quantity\",\"stocktype_update_quantity\":\"add\",\"stocktype_update_quantity_count\":1,\"username\":\"debola1\"}','2014-05-02 11:08:30','2014-05-02 11:08:30'),(670,1,'stock','{\"products\":\"metal gear solid zero\",\"stocktype\":\"update\",\"stocktype_update\":\"quantity\",\"stocktype_update_quantity\":\"add\",\"stocktype_update_quantity_count\":60,\"username\":\"debola1\"}','2014-05-02 11:08:41','2014-05-02 11:08:41'),(671,1,'stock','{\"products\":\"metal gear solid zero\",\"products_status\":1,\"stocktype\":\"status\",\"username\":\"debola1\"}','2014-05-02 11:10:27','2014-05-02 11:10:27'),(672,1,'sale','{\"username\":\"debola1\",\"totalprice\":\"415000\",\"customername\":null,\"receipt_number\":88}','2014-05-02 11:11:36','2014-05-02 11:11:36'),(673,1,'stock','{\"products\":\"metal gear solid zero\",\"stocktype\":\"discount\",\"stocktype_unitprice_mode\":\"retail discount\",\"amount\":\"10%\",\"username\":\"debola1\"}','2014-05-02 11:54:13','2014-05-02 11:54:13'),(674,1,'stock','{\"products\":\"metal gear solid zero\",\"stocktype\":\"unitprice\",\"stocktype_unitprice_mode\":\"wholesale price\",\"amount\":\"N10,000.00k\",\"username\":\"debola1\"}','2014-05-02 11:55:37','2014-05-02 11:55:37'),(675,1,'sale','{\"username\":\"debola1\",\"totalprice\":\"298800\",\"customername\":null,\"receipt_number\":89}','2014-05-02 11:56:33','2014-05-02 11:56:33'),(676,1,'sale','{\"username\":\"debola1\",\"totalprice\":\"22410\",\"customername\":null,\"receipt_number\":90}','2014-05-02 12:43:58','2014-05-02 12:43:58'),(677,1,'stock','{\"products\":\"metal gear solid zero\",\"stocktype\":\"update\",\"stocktype_update\":\"quantity\",\"stocktype_update_quantity\":\"add\",\"stocktype_update_quantity_count\":20,\"username\":\"debola1\"}','2014-05-02 12:44:58','2014-05-02 12:44:58'),(678,1,'stock','{\"products\":\"resident evil 5\",\"stocktype\":\"unitprice\",\"stocktype_unitprice_mode\":\"retail price\",\"amount\":\"N100.00k\",\"username\":\"debola1\"}','2014-05-03 20:25:51','2014-05-03 20:25:51'),(679,1,'stock','{\"products\":\"resident evil 5\",\"stocktype\":\"unitprice\",\"stocktype_unitprice_mode\":\"retail price\",\"amount\":\"N200.00k\",\"username\":\"debola1\"}','2014-05-03 20:26:34','2014-05-03 20:26:34'),(680,3,'loggedin','{\"username\":\"melee3\"}','2014-05-04 10:16:44','2014-05-04 10:16:44'),(681,1,'sale','{\"username\":\"debola1\",\"totalprice\":\"12000\",\"customername\":\"Adebola Bello\",\"receipt_number\":91}','2014-05-04 11:46:35','2014-05-04 11:46:35'),(682,3,'sale','{\"username\":\"melee3\",\"totalprice\":\"36000\",\"customername\":\"Adebola Bello\",\"receipt_number\":92}','2014-05-04 13:16:45','2014-05-04 13:16:45'),(683,1,'loggedout','{\"username\":\"debola1\"}','2014-05-05 22:35:13','2014-05-05 22:35:13'),(684,9,'loggedin','{\"username\":\"tiger4\"}','2014-05-05 22:36:30','2014-05-05 22:36:30'),(685,9,'loggedout','{\"username\":\"tiger4\"}','2014-05-05 22:37:12','2014-05-05 22:37:12'),(686,1,'loggedin','{\"username\":\"debola1\"}','2014-05-05 22:37:33','2014-05-05 22:37:33'),(687,1,'loggedout','{\"username\":\"debola1\"}','2014-05-05 22:45:51','2014-05-05 22:45:51'),(688,1,'loggedin','{\"username\":\"debola1\"}','2014-05-06 05:04:51','2014-05-06 05:04:51'),(689,1,'loggedin','{\"username\":\"debola1\"}','2014-05-07 11:40:15','2014-05-07 11:40:15'),(690,1,'stock','{\"products\":\"devil may cry\",\"stocktype\":\"delete\",\"username\":\"debola1\"}','2014-05-07 11:40:49','2014-05-07 11:40:49'),(691,1,'stock','{\"products\":\"resident evil 5\",\"stocktype\":\"delete\",\"username\":\"debola1\"}','2014-05-07 11:40:56','2014-05-07 11:40:56'),(692,1,'stock','{\"products\":\"metal gear solid zero\",\"stocktype\":\"delete\",\"username\":\"debola1\"}','2014-05-07 11:41:07','2014-05-07 11:41:07'),(693,1,'stock','{\"products\":\"Bronze juice | Denim | Scresh | Simb\",\"stocktype\":\"create\",\"username\":\"debola1\"}','2014-05-07 11:41:43','2014-05-07 11:41:43'),(694,1,'stock','{\"products\":\"simb\",\"products_status\":1,\"stocktype\":\"status\",\"username\":\"debola1\"}','2014-05-07 11:42:17','2014-05-07 11:42:17'),(695,1,'stock','{\"products\":\"simb\",\"products_status\":0,\"stocktype\":\"status\",\"username\":\"debola1\"}','2014-05-07 11:42:18','2014-05-07 11:42:18'),(696,1,'stock','{\"products\":\"simb\",\"stocktype\":\"update\",\"stocktype_update\":\"quantity\",\"stocktype_update_quantity\":\"add\",\"stocktype_update_quantity_count\":2003,\"username\":\"debola1\"}','2014-05-07 11:43:34','2014-05-07 11:43:34'),(697,1,'stock','{\"products\":\"simb\",\"stocktype\":\"unitprice\",\"stocktype_unitprice_mode\":\"retail price\",\"amount\":\"N100.00k\",\"username\":\"debola1\"}','2014-05-07 11:43:42','2014-05-07 11:43:42'),(698,1,'stock','{\"products\":\"scresh\",\"stocktype\":\"unitprice\",\"stocktype_unitprice_mode\":\"retail price\",\"amount\":\"N1,300.00k\",\"username\":\"debola1\"}','2014-05-07 11:44:51','2014-05-07 11:44:51'),(699,1,'stock','{\"products\":\"scresh\",\"stocktype\":\"update\",\"stocktype_update\":\"quantity\",\"stocktype_update_quantity\":\"add\",\"stocktype_update_quantity_count\":50,\"username\":\"debola1\"}','2014-05-07 11:45:00','2014-05-07 11:45:00'),(700,1,'stock','{\"products\":\"simb\",\"stocktype\":\"unitprice\",\"stocktype_unitprice_mode\":\"wholesale price\",\"amount\":\"N600.00k\",\"username\":\"debola1\"}','2014-05-07 12:02:39','2014-05-07 12:02:39'),(701,1,'stock','{\"products\":\"simb\",\"products_status\":1,\"stocktype\":\"status\",\"username\":\"debola1\"}','2014-05-07 17:50:53','2014-05-07 17:50:53'),(702,1,'stock','{\"products\":\"scresh\",\"products_status\":1,\"stocktype\":\"status\",\"username\":\"debola1\"}','2014-05-07 17:53:08','2014-05-07 17:53:08'),(703,1,'loggedin','{\"username\":\"debola1\"}','2014-05-07 17:55:30','2014-05-07 17:55:30'),(704,1,'loggedin','{\"username\":\"debola1\"}','2014-05-07 19:43:11','2014-05-07 19:43:11'),(705,1,'loggedin','{\"username\":\"debola1\"}','2014-05-07 19:46:57','2014-05-07 19:46:57'),(706,1,'loggedin','{\"username\":\"debola1\"}','2014-05-08 04:54:33','2014-05-08 04:54:33'),(707,1,'stock','{\"products\":\"denim\",\"stocktype\":\"update\",\"stocktype_update\":\"quantity\",\"stocktype_update_quantity\":\"add\",\"stocktype_update_quantity_count\":200,\"username\":\"debola1\"}','2014-05-08 09:28:41','2014-05-08 09:28:41'),(708,1,'stock','{\"products\":\"denim\",\"stocktype\":\"unitprice\",\"stocktype_unitprice_mode\":\"retail price\",\"amount\":\"N1,500.00k\",\"username\":\"debola1\"}','2014-05-08 09:28:46','2014-05-08 09:28:46'),(709,1,'stock','{\"products\":\"denim\",\"products_status\":1,\"stocktype\":\"status\",\"username\":\"debola1\"}','2014-05-08 09:28:53','2014-05-08 09:28:53'),(710,1,'loggedin','{\"username\":\"debola1\"}','2014-05-08 16:02:01','2014-05-08 16:02:01'),(711,1,'loggedin','{\"username\":\"debola1\"}','2014-05-09 10:38:12','2014-05-09 10:38:12'),(712,3,'loggedin','{\"username\":\"melee3\"}','2014-05-10 06:09:21','2014-05-10 06:09:21'),(713,1,'loggedin','{\"username\":\"debola1\"}','2014-05-12 20:40:49','2014-05-12 20:40:49'),(714,1,'stock','{\"products\":\"simb\",\"stocktype\":\"update\",\"stocktype_update\":\"quantity\",\"stocktype_update_quantity\":true,\"stocktype_update_quantity_count\":1,\"username\":\"debola1\"}','2014-05-12 21:50:33','2014-05-12 21:50:33'),(715,1,'stock','{\"products\":\"simb\",\"stocktype\":\"update\",\"stocktype_update\":\"quantity\",\"stocktype_update_quantity\":true,\"stocktype_update_quantity_count\":1,\"username\":\"debola1\"}','2014-05-12 21:52:00','2014-05-12 21:52:00'),(716,1,'stock','{\"products\":\"simb\",\"stocktype\":\"update\",\"stocktype_update\":\"quantity\",\"stocktype_update_quantity\":\"set\",\"stocktype_update_quantity_count\":3,\"username\":\"debola1\"}','2014-05-12 21:54:54','2014-05-12 21:54:54'),(717,1,'stock','{\"products\":\"simb\",\"stocktype\":\"update\",\"stocktype_update\":\"quantity\",\"stocktype_update_quantity\":\"add\",\"stocktype_update_quantity_count\":4,\"username\":\"debola1\"}','2014-05-12 22:14:46','2014-05-12 22:14:46'),(718,1,'stock','{\"products\":\"simb\",\"stocktype\":\"update\",\"stocktype_update\":\"quantity\",\"stocktype_update_quantity\":\"add\",\"stocktype_update_quantity_count\":1,\"username\":\"debola1\"}','2014-05-12 22:17:15','2014-05-12 22:17:15'),(719,1,'stock','{\"products\":\"simb\",\"stocktype\":\"update\",\"stocktype_update\":\"quantity\",\"stocktype_update_quantity\":\"2\",\"stocktype_update_quantity_count\":2,\"username\":\"debola1\"}','2014-05-12 22:25:57','2014-05-12 22:25:57'),(720,1,'stock','{\"products\":\"simb\",\"stocktype\":\"update\",\"stocktype_update\":\"quantity\",\"stocktype_update_quantity\":\"+\",\"stocktype_update_quantity_count\":10,\"username\":\"debola1\"}','2014-05-12 22:26:11','2014-05-12 22:26:11'),(721,1,'stock','{\"products\":\"simb\",\"stocktype\":\"update\",\"stocktype_update\":\"quantity\",\"stocktype_update_quantity\":\"+\",\"stocktype_update_quantity_count\":1,\"username\":\"debola1\"}','2014-05-12 22:28:06','2014-05-12 22:28:06'),(722,1,'stock','{\"products\":\"simb\",\"stocktype\":\"update\",\"stocktype_update\":\"quantity\",\"stocktype_update_quantity\":\"-\",\"stocktype_update_quantity_count\":1,\"username\":\"debola1\"}','2014-05-12 22:28:40','2014-05-12 22:28:40'),(723,1,'stock','{\"products\":\"simb\",\"stocktype\":\"update\",\"stocktype_update\":\"quantity\",\"stocktype_update_quantity\":\"=\",\"stocktype_update_quantity_count\":0,\"username\":\"debola1\"}','2014-05-12 22:28:57','2014-05-12 22:28:57'),(724,1,'stock','{\"products\":\"simb\",\"stocktype\":\"update\",\"stocktype_update\":\"quantity\",\"stocktype_update_quantity\":\"8\",\"stocktype_update_quantity_count\":89,\"username\":\"debola1\"}','2014-05-12 22:29:36','2014-05-12 22:29:36'),(725,1,'stock','{\"products\":\"simb\",\"stocktype\":\"update\",\"stocktype_update\":\"quantity\",\"stocktype_update_quantity\":\"1\",\"stocktype_update_quantity_count\":10,\"username\":\"debola1\"}','2014-05-12 22:34:28','2014-05-12 22:34:28'),(726,1,'stock','{\"products\":\"simb\",\"stocktype\":\"update\",\"stocktype_update\":\"quantity\",\"stocktype_update_quantity\":\"1\",\"stocktype_update_quantity_count\":15,\"username\":\"debola1\"}','2014-05-12 22:35:03','2014-05-12 22:35:03'),(727,1,'stock','{\"products\":\"simb\",\"stocktype\":\"update\",\"stocktype_update\":\"quantity\",\"stocktype_update_quantity\":\"+\",\"stocktype_update_quantity_count\":3,\"username\":\"debola1\"}','2014-05-12 22:35:19','2014-05-12 22:35:19'),(728,1,'stock','{\"products\":\"simb\",\"stocktype\":\"update\",\"stocktype_update\":\"quantity\",\"stocktype_update_quantity\":\"-\",\"stocktype_update_quantity_count\":8,\"username\":\"debola1\"}','2014-05-12 22:35:39','2014-05-12 22:35:39'),(729,1,'stock','{\"products\":\"simb\",\"stocktype\":\"update\",\"stocktype_update\":\"quantity\",\"stocktype_update_quantity\":\"+\",\"stocktype_update_quantity_count\":39,\"username\":\"debola1\"}','2014-05-12 22:36:19','2014-05-12 22:36:19'),(730,1,'stock','{\"products\":\"simb\",\"stocktype\":\"update\",\"stocktype_update\":\"quantity\",\"stocktype_update_quantity\":\"+\",\"stocktype_update_quantity_count\":10,\"username\":\"debola1\"}','2014-05-12 22:37:33','2014-05-12 22:37:33'),(731,1,'stock','{\"products\":\"simb\",\"stocktype\":\"update\",\"stocktype_update\":\"quantity\",\"stocktype_update_quantity\":\"+\",\"stocktype_update_quantity_count\":59,\"username\":\"debola1\"}','2014-05-12 22:37:45','2014-05-12 22:37:45'),(732,1,'stock','{\"products\":\"simb\",\"stocktype\":\"update\",\"stocktype_update\":\"quantity\",\"stocktype_update_quantity\":\"1\",\"stocktype_update_quantity_count\":10,\"username\":\"debola1\"}','2014-05-12 22:37:54','2014-05-12 22:37:54'),(733,1,'stock','{\"products\":\"simb\",\"stocktype\":\"update\",\"stocktype_update\":\"quantity\",\"stocktype_update_quantity\":\"+\",\"stocktype_update_quantity_count\":10,\"username\":\"debola1\"}','2014-05-12 22:40:13','2014-05-12 22:40:13'),(734,1,'stock','{\"products\":\"simb\",\"stocktype\":\"update\",\"stocktype_update\":\"quantity\",\"stocktype_update_quantity\":\"add\",\"stocktype_update_quantity_count\":2,\"username\":\"debola1\"}','2014-05-12 22:44:36','2014-05-12 22:44:36'),(735,1,'stock','{\"products\":\"simb\",\"stocktype\":\"update\",\"stocktype_update\":\"quantity\",\"stocktype_update_quantity\":\"subtract\",\"stocktype_update_quantity_count\":1,\"username\":\"debola1\"}','2014-05-12 22:45:09','2014-05-12 22:45:09'),(736,1,'loggedin','{\"username\":\"debola1\"}','2014-05-15 19:38:00','2014-05-15 19:38:00'),(737,1,'stock','{\"products\":\"Danzd\\\\>:.\",\"stocktype\":\"create\",\"username\":\"debola1\"}','2014-05-18 18:49:35','2014-05-18 18:49:35'),(738,1,'stock','{\"products\":\"mac\\/lipstickDesny\",\"stocktype\":\"create\",\"username\":\"debola1\"}','2014-05-18 19:57:56','2014-05-18 19:57:56'),(739,1,'stock','{\"products\":\"[ mac \\/ lipstick ]::Yuehd\",\"stocktype\":\"create\",\"username\":\"debola1\"}','2014-05-18 19:59:29','2014-05-18 19:59:29'),(740,1,'stock','{\"products\":\"yuehd | desny\",\"stocktype\":\"delete\",\"username\":\"debola1\"}','2014-05-18 20:00:20','2014-05-18 20:00:20'),(741,1,'stock','{\"products\":\"[ mac \\/ lipstick ]-> TYue | Loune\",\"stocktype\":\"create\",\"username\":\"debola1\"}','2014-05-18 20:00:36','2014-05-18 20:00:36'),(742,1,'stock','{\"products\":\"[ mac \\/ lipstick ] = loune\",\"stocktype\":\"delete\",\"username\":\"debola1\"}','2014-05-18 20:24:11','2014-05-18 20:24:11'),(743,1,'stock','{\"products\":\"[ mac \\/ lipstick ] = loune\",\"stocktype\":\"delete\",\"username\":\"debola1\"}','2014-05-18 20:24:56','2014-05-18 20:24:56'),(744,1,'stock','{\"products\":\"[ mac \\/ lipstick ] = loune | tyue\",\"stocktype\":\"delete\",\"username\":\"debola1\"}','2014-05-18 20:29:51','2014-05-18 20:29:51'),(745,1,'stock','{\"products\":\"[ mac \\/ lipstick ] = okiu | hiol\",\"stocktype\":\"create\",\"username\":\"debola1\"}','2014-05-18 20:35:14','2014-05-18 20:35:14'),(746,1,'stock','{\"products\":\"hiol\",\"products_status\":1,\"stocktype\":\"status\",\"username\":\"debola1\"}','2014-05-18 20:38:21','2014-05-18 20:38:21'),(747,1,'stock','{\"products\":\"hiol\",\"products_status\":0,\"stocktype\":\"status\",\"username\":\"debola1\"}','2014-05-18 20:38:24','2014-05-18 20:38:24'),(748,1,'stock','{\"products\":\"okiu\",\"products_status\":1,\"stocktype\":\"status\",\"username\":\"debola1\"}','2014-05-18 20:38:25','2014-05-18 20:38:25'),(749,1,'stock','{\"products\":\"[ mac \\/ lipstick ] = okiu\",\"products_status\":0,\"stocktype\":\"status\",\"username\":\"debola1\"}','2014-05-18 20:39:09','2014-05-18 20:39:09'),(750,1,'stock','{\"products\":\"[ mac \\/ lipstick ] = okiu\",\"products_status\":1,\"stocktype\":\"status\",\"username\":\"debola1\"}','2014-05-18 20:39:11','2014-05-18 20:39:11'),(751,1,'stock','{\"products\":\"[ mac \\/ lipstick ] = hiol\",\"products_status\":1,\"stocktype\":\"status\",\"username\":\"debola1\"}','2014-05-18 20:39:11','2014-05-18 20:39:11'),(752,1,'stock','{\"products\":\"[ mac \\/ lipstick ] = hiol\",\"products_status\":0,\"stocktype\":\"status\",\"username\":\"debola1\"}','2014-05-18 20:39:12','2014-05-18 20:39:12'),(753,1,'stock','{\"products\":\"[ mac \\/ lipstick ] = hiol\",\"products_status\":1,\"stocktype\":\"status\",\"username\":\"debola1\"}','2014-05-18 20:39:15','2014-05-18 20:39:15'),(754,1,'stock','{\"products\":\"[ mac \\/ lipstick ] = hiol | okiu | simb | scresh | denim | bronze juice\",\"products_status\":1,\"stocktype\":\"status\",\"username\":\"debola1\"}','2014-05-18 20:39:19','2014-05-18 20:39:19'),(755,1,'stock','{\"products\":\"[ mac \\/ lipstick ] = hiol | okiu | simb | scresh | denim | bronze juice\",\"products_status\":0,\"stocktype\":\"status\",\"username\":\"debola1\"}','2014-05-20 09:45:42','2014-05-20 09:45:42'),(756,1,'sale','{\"username\":\"debola1\",\"totalprice\":\"1300\",\"customername\":null,\"receipt_number\":93}','2014-05-20 09:46:37','2014-05-20 09:46:37'),(757,1,'loggedin','{\"username\":\"debola1\"}','2014-05-25 18:12:06','2014-05-25 18:12:06'),(758,1,'stock','{\"products\":\"[ mac \\/ lipstick ] = Hairdo | barbing\",\"stocktype\":\"create\",\"username\":\"debola1\"}','2014-05-26 11:52:40','2014-05-26 11:52:40'),(759,1,'stock','{\"products\":\"barbin\",\"stocktype\":\"unitprice\",\"stocktype_unitprice_mode\":\"retail price\",\"amount\":\"N20,038.00k\",\"username\":\"debola1\"}','2014-05-26 12:30:36','2014-05-26 12:30:36'),(760,1,'stock','{\"products\":\"barbin\",\"stocktype\":\"discount\",\"stocktype_unitprice_mode\":\"retail discount\",\"amount\":\"50%\",\"username\":\"debola1\"}','2014-05-26 12:32:58','2014-05-26 12:32:58'),(761,1,'stock','{\"products\":\"hairdo\",\"stocktype\":\"discount\",\"stocktype_unitprice_mode\":\"retail discount\",\"amount\":\"50%\",\"username\":\"debola1\"}','2014-05-26 12:34:03','2014-05-26 12:34:03'),(762,1,'stock','{\"products\":\"hairdo\",\"stocktype\":\"unitprice\",\"stocktype_unitprice_mode\":\"retail price\",\"amount\":\"N1,000.00k\",\"username\":\"debola1\"}','2014-05-26 12:34:10','2014-05-26 12:34:10'),(763,1,'stock','{\"products\":\"hair\",\"stocktype\":\"discount\",\"stocktype_unitprice_mode\":\"retail discount\",\"amount\":\"10%\",\"username\":\"debola1\"}','2014-05-26 12:36:50','2014-05-26 12:36:50'),(764,1,'stock','{\"products\":\"hair\",\"stocktype\":\"discount\",\"stocktype_unitprice_mode\":\"retail discount\",\"amount\":\"15%\",\"username\":\"debola1\"}','2014-05-26 12:37:01','2014-05-26 12:37:01'),(765,1,'stock','{\"products\":\"hair\",\"stocktype\":\"discount\",\"stocktype_unitprice_mode\":\"retail discount\",\"amount\":\"10%\",\"username\":\"debola1\"}','2014-05-26 13:18:39','2014-05-26 13:18:39'),(766,1,'stock','{\"products\":\"hair\",\"stocktype\":\"discount\",\"stocktype_unitprice_mode\":\"retail discount\",\"amount\":\"20%\",\"username\":\"debola1\"}','2014-05-26 13:20:16','2014-05-26 13:20:16'),(767,1,'stock','{\"products\":\"hair\",\"stocktype\":\"discount\",\"stocktype_unitprice_mode\":\"retail discount\",\"amount\":\"50%\",\"username\":\"debola1\"}','2014-05-26 13:20:41','2014-05-26 13:20:41'),(768,1,'stock','{\"products\":\"hair\",\"stocktype\":\"discount\",\"stocktype_unitprice_mode\":\"retail discount\",\"amount\":\"30%\",\"username\":\"debola1\"}','2014-05-26 13:24:16','2014-05-26 13:24:16'),(769,1,'stock','{\"products\":\"barbinx\",\"stocktype\":\"discount\",\"stocktype_unitprice_mode\":\"retail discount\",\"amount\":\"0%\",\"username\":\"debola1\"}','2014-05-26 13:24:32','2014-05-26 13:24:32'),(770,1,'stock','{\"products\":\"hair\",\"stocktype\":\"unitprice\",\"stocktype_unitprice_mode\":\"retail price\",\"amount\":\"N20,000.00k\",\"username\":\"debola1\"}','2014-05-26 13:24:47','2014-05-26 13:24:47'),(771,1,'stock','{\"products\":\"hair\",\"stocktype\":\"discount\",\"stocktype_unitprice_mode\":\"retail discount\",\"amount\":\"0%\",\"username\":\"debola1\"}','2014-05-26 14:25:15','2014-05-26 14:25:15'),(772,1,'stock','{\"products\":\"hair\",\"stocktype\":\"discount\",\"stocktype_unitprice_mode\":\"retail discount\",\"amount\":\"8%\",\"username\":\"debola1\"}','2014-05-26 14:25:42','2014-05-26 14:25:42'),(773,1,'stock','{\"products\":\"[ mac \\/ home services ] = hair\",\"products_status\":0,\"stocktype\":\"status\",\"username\":\"debola1\"}','2014-05-26 14:26:50','2014-05-26 14:26:50'),(774,1,'stock','{\"products\":\"[ mac \\/ home services ] = hair\",\"products_status\":1,\"stocktype\":\"status\",\"username\":\"debola1\"}','2014-05-26 14:27:14','2014-05-26 14:27:14'),(775,1,'loggedin','{\"username\":\"debola1\"}','2014-06-01 19:47:05','2014-06-01 19:47:05'),(776,1,'loggedin','{\"username\":\"debola1\"}','2014-06-03 09:27:39','2014-06-03 09:27:39'),(777,1,'loggedin','{\"username\":\"debola1\"}','2014-06-03 10:25:11','2014-06-03 10:25:11'),(778,1,'loggedin','{\"username\":\"debola1\"}','2014-06-03 10:54:21','2014-06-03 10:54:21'),(779,1,'loggedout','{\"username\":\"debola1\"}','2014-06-03 13:20:42','2014-06-03 13:20:42'),(780,9,'loggedin','{\"username\":\"tiger4\"}','2014-06-03 13:20:52','2014-06-03 13:20:52'),(781,9,'loggedout','{\"username\":\"tiger4\"}','2014-06-03 13:26:15','2014-06-03 13:26:15'),(782,1,'loggedin','{\"username\":\"debola1\"}','2014-06-03 13:26:28','2014-06-03 13:26:28'),(783,1,'loggedout','{\"username\":\"debola1\"}','2014-06-03 13:34:56','2014-06-03 13:34:56'),(784,1,'loggedin','{\"username\":\"debola1\"}','2014-06-03 13:38:08','2014-06-03 13:38:08'),(785,1,'loggedin','{\"username\":\"debola1\"}','2014-06-03 18:46:08','2014-06-03 18:46:08'),(786,1,'loggedin','{\"username\":\"debola1\"}','2014-06-03 20:45:47','2014-06-03 20:45:47'),(787,1,'stock','{\"stocktype_update_quantity\":\"\",\"products\":\"gof of war 3\",\"stocktype\":\"update\",\"stocktype_update\":\"quantity\",\"stocktype_update_quantity_count\":89,\"username\":\"debola1\"}','2014-06-03 21:50:53','2014-06-03 21:50:53'),(788,1,'stock','{\"stocktype_update_quantity\":\"\",\"products\":\"gof of war 3\",\"stocktype\":\"update\",\"stocktype_update\":\"quantity\",\"stocktype_update_quantity_count\":10,\"username\":\"debola1\"}','2014-06-03 21:51:03','2014-06-03 21:51:03'),(789,1,'stock','{\"products\":\"gof of war 3\",\"stocktype\":\"unitprice\",\"stocktype_unitprice_mode\":\"retail price\",\"amount\":\"N13,000.00k\",\"username\":\"debola1\"}','2014-06-03 21:51:31','2014-06-03 21:51:31'),(790,1,'stock','{\"stocktype_update_quantity\":\"\",\"products\":\"killzone 3 playstation 3\",\"stocktype\":\"update\",\"stocktype_update\":\"quantity\",\"stocktype_update_quantity_count\":5,\"username\":\"debola1\"}','2014-06-03 21:54:28','2014-06-03 21:54:28'),(791,1,'stock','{\"products\":\"killzone 3 playstation 3\",\"stocktype\":\"unitprice\",\"stocktype_unitprice_mode\":\"retail price\",\"amount\":\"N18,000.00k\",\"username\":\"debola1\"}','2014-06-03 21:54:40','2014-06-03 21:54:40'),(792,1,'sale','{\"username\":\"debola1\",\"totalprice\":\"137200\",\"customername\":\"Adebola Bello\",\"receipt_number\":94}','2014-06-03 22:00:23','2014-06-03 22:00:23'),(793,1,'stock','{\"stocktype_update_quantity\":\"add\",\"products\":\"killzone 3 playstation 3\",\"stocktype\":\"update\",\"stocktype_update\":\"quantity\",\"stocktype_update_quantity_count\":3,\"username\":\"debola1\"}','2014-06-03 22:07:16','2014-06-03 22:07:16'),(794,1,'stock','{\"stocktype_update_quantity\":\"add\",\"products\":\"god of war 3\",\"stocktype\":\"update\",\"stocktype_update\":\"quantity\",\"stocktype_update_quantity_count\":6,\"username\":\"debola1\"}','2014-06-03 22:07:23','2014-06-03 22:07:23'),(795,1,'sale','{\"username\":\"debola1\",\"totalprice\":\"173200\",\"customername\":\"Adebola Bello\",\"receipt_number\":95}','2014-06-03 22:10:54','2014-06-03 22:10:54'),(796,1,'loggedin','{\"username\":\"debola1\"}','2014-06-03 22:30:11','2014-06-03 22:30:11'),(797,1,'stock','{\"products\":\"[ mac \\/ lipstick ] = bronze juice\",\"products_status\":1,\"stocktype\":\"status\",\"username\":\"debola1\"}','2014-06-04 07:37:03','2014-06-04 07:37:03'),(798,1,'stock','{\"stocktype_update_quantity\":\"\",\"products\":\"bronze juice\",\"stocktype\":\"update\",\"stocktype_update\":\"quantity\",\"stocktype_update_quantity_count\":29,\"username\":\"debola1\"}','2014-06-04 07:37:07','2014-06-04 07:37:07'),(799,1,'stock','{\"products\":\"bronze juice\",\"stocktype\":\"unitprice\",\"stocktype_unitprice_mode\":\"retail price\",\"amount\":\"N1,089.00k\",\"username\":\"debola1\"}','2014-06-04 07:37:21','2014-06-04 07:37:21'),(800,1,'loggedout','{\"username\":\"debola1\"}','2014-06-06 21:49:26','2014-06-06 21:49:26'),(801,1,'loggedin','{\"username\":\"debola1\"}','2014-06-06 22:20:17','2014-06-06 22:20:17'),(802,1,'loggedout','{\"username\":\"debola1\"}','2014-06-06 22:20:28','2014-06-06 22:20:28'),(803,17,'loggedin','{\"username\":\"mecca10\"}','2014-06-07 01:03:56','2014-06-07 01:03:56'),(804,17,'loggedout','{\"username\":\"mecca10\"}','2014-06-07 01:04:06','2014-06-07 01:04:06'),(805,17,'loggedin','{\"username\":\"mecca10\"}','2014-06-07 08:05:37','2014-06-07 08:05:37'),(806,17,'loggedout','{\"username\":\"mecca10\"}','2014-06-07 09:12:35','2014-06-07 09:12:35'),(807,1,'loggedin','{\"username\":\"debola1\"}','2014-06-07 09:27:42','2014-06-07 09:27:42'),(808,1,'loggedout','{\"username\":\"debola1\"}','2014-06-07 09:30:30','2014-06-07 09:30:30'),(809,1,'loggedin','{\"username\":\"debola1\"}','2014-06-07 09:31:15','2014-06-07 09:31:15'),(810,1,'loggedout','{\"username\":\"debola1\"}','2014-06-07 09:32:22','2014-06-07 09:32:22'),(811,1,'loggedin','{\"username\":\"debola1\"}','2014-06-07 20:50:15','2014-06-07 20:50:15'),(812,1,'loggedout','{\"username\":\"debola1\"}','2014-06-07 20:59:32','2014-06-07 20:59:32'),(813,1,'loggedin','{\"username\":\"debola1\"}','2014-06-07 21:11:40','2014-06-07 21:11:40'),(814,1,'loggedin','{\"username\":\"debola1\"}','2014-06-08 08:51:29','2014-06-08 08:51:29'),(815,1,'loggedout','{\"username\":\"debola1\"}','2014-06-08 09:05:37','2014-06-08 09:05:37'),(816,1,'loggedin','{\"username\":\"debola1\"}','2014-06-08 09:10:56','2014-06-08 09:10:56'),(817,1,'loggedout','{\"username\":\"debola1\"}','2014-06-08 09:22:11','2014-06-08 09:22:11'),(818,1,'loggedin','{\"username\":\"debola1\"}','2014-06-08 18:09:27','2014-06-08 18:09:27'),(819,1,'loggedin','{\"username\":\"debola1\"}','2014-06-08 19:13:41','2014-06-08 19:13:41'),(820,1,'loggedin','{\"username\":\"debola1\"}','2014-06-08 21:29:55','2014-06-08 21:29:55'),(821,1,'loggedout','{\"username\":\"debola1\"}','2014-06-08 22:25:19','2014-06-08 22:25:19'),(822,1,'loggedout','{\"username\":\"debola1\"}','2014-06-08 22:42:06','2014-06-08 22:42:06'),(823,1,'loggedin','{\"username\":\"debola1\"}','2014-06-08 22:42:18','2014-06-08 22:42:18'),(824,1,'loggedout','{\"username\":\"debola1\"}','2014-06-08 22:42:53','2014-06-08 22:42:53'),(825,1,'loggedin','{\"username\":\"debola1\"}','2014-06-09 08:24:59','2014-06-09 08:24:59'),(826,1,'loggedin','{\"username\":\"debola1\"}','2014-06-17 15:43:31','2014-06-17 15:43:31'),(827,1,'loggedout','{\"username\":\"debola1\"}','2014-06-26 10:15:49','2014-06-26 10:15:49'),(828,1,'loggedin','{\"username\":\"debola1\"}','2014-07-19 21:12:30','2014-07-19 21:12:30'),(829,1,'loggedin','{\"username\":\"debola1\"}','2014-07-19 21:35:30','2014-07-19 21:35:30'),(830,1,'loggedout','{\"username\":\"debola1\"}','2014-07-19 23:35:33','2014-07-19 23:35:33'),(831,1,'loggedin','{\"username\":\"debola1\"}','2014-07-25 08:08:04','2014-07-25 08:08:04'),(832,1,'stock','{\"products\":\"[ mac \\/ lipstick ] = Hair grooming\",\"stocktype\":\"create\",\"username\":\"debola1\"}','2014-07-26 08:25:00','2014-07-26 08:25:00'),(833,1,'stock','{\"products\":\"[ services \\/ demo2 ] = hair grooming\",\"products_status\":1,\"stocktype\":\"status\",\"username\":\"debola1\"}','2014-07-26 08:25:05','2014-07-26 08:25:05'),(834,1,'stock','{\"products\":\"hair grooming\",\"stocktype\":\"unitprice\",\"stocktype_unitprice_mode\":\"retail price\",\"amount\":\"N2,000.00k\",\"username\":\"debola1\"}','2014-07-26 08:25:09','2014-07-26 08:25:09'),(835,1,'sale','{\"username\":\"debola1\",\"totalprice\":\"15000\",\"customername\":null,\"receipt_number\":96}','2014-07-26 08:38:12','2014-07-26 08:38:12'),(836,1,'sale','{\"username\":\"debola1\",\"totalprice\":\"2000\",\"customername\":null,\"receipt_number\":97}','2014-07-26 09:21:01','2014-07-26 09:21:01'),(837,1,'loggedin','{\"username\":\"debola1\"}','2014-07-26 18:20:33','2014-07-26 18:20:33'),(838,1,'sale','{\"username\":\"debola1\",\"totalprice\":\"2000\",\"customername\":null,\"receipt_number\":98}','2014-07-26 18:21:32','2014-07-26 18:21:32'),(839,1,'sale','{\"username\":\"debola1\",\"totalprice\":\"2000\",\"customername\":null,\"receipt_number\":99}','2014-07-26 18:24:44','2014-07-26 18:24:44'),(840,1,'sale','{\"username\":\"debola1\",\"totalprice\":\"2000\",\"customername\":null,\"receipt_number\":100}','2014-07-26 18:36:06','2014-07-26 18:36:06'),(841,1,'sale','{\"username\":\"debola1\",\"totalprice\":\"2000\",\"customername\":null,\"receipt_number\":101}','2014-07-26 18:39:48','2014-07-26 18:39:48'),(842,1,'sale','{\"username\":\"debola1\",\"totalprice\":\"0\",\"customername\":null,\"receipt_number\":102}','2014-07-26 18:41:27','2014-07-26 18:41:27'),(843,1,'loggedout','{\"username\":\"debola1\"}','2014-07-26 18:44:21','2014-07-26 18:44:21'),(844,1,'loggedin','{\"username\":\"debola1\"}','2014-07-26 18:44:31','2014-07-26 18:44:31'),(845,1,'loggedout','{\"username\":\"debola1\"}','2014-07-26 18:47:43','2014-07-26 18:47:43'),(846,1,'loggedin','{\"username\":\"debola1\"}','2014-07-26 18:47:52','2014-07-26 18:47:52'),(847,1,'sale','{\"username\":\"debola1\",\"totalprice\":\"2000\",\"customername\":null,\"receipt_number\":103}','2014-07-26 18:48:29','2014-07-26 18:48:29'),(848,1,'sale','{\"username\":\"debola1\",\"totalprice\":\"2000\",\"customername\":null,\"receipt_number\":104}','2014-07-26 18:50:42','2014-07-26 18:50:42'),(849,1,'sale','{\"username\":\"debola1\",\"totalprice\":\"46400\",\"customername\":null,\"receipt_number\":105}','2014-07-26 20:33:55','2014-07-26 20:33:55'),(850,1,'sale','{\"username\":\"debola1\",\"totalprice\":\"30000\",\"customername\":null,\"receipt_number\":106}','2014-07-27 09:10:55','2014-07-27 09:10:55'),(851,1,'loggedout','{\"username\":\"debola1\"}','2014-07-28 10:36:46','2014-07-28 10:36:46'),(852,1,'loggedin','{\"username\":\"debola1\"}','2014-07-28 10:36:54','2014-07-28 10:36:54'),(853,1,'loggedout','{\"username\":\"debola1\"}','2014-07-28 12:01:24','2014-07-28 12:01:24'),(854,1,'loggedin','{\"username\":\"debola1\"}','2014-07-28 12:01:37','2014-07-28 12:01:37'),(855,1,'sale','{\"username\":\"debola1\",\"totalprice\":\"2000\",\"customername\":null,\"receipt_number\":107}','2014-07-28 12:02:51','2014-07-28 12:02:51'),(856,1,'sale','{\"username\":\"debola1\",\"totalprice\":\"2000\",\"customername\":null,\"receipt_number\":108}','2014-07-28 12:09:21','2014-07-28 12:09:21'),(857,1,'sale','{\"username\":\"debola1\",\"totalprice\":\"2000\",\"customername\":null,\"receipt_number\":109}','2014-07-28 12:44:22','2014-07-28 12:44:22'),(858,1,'loggedout','{\"username\":\"debola1\"}','2014-07-28 20:42:24','2014-07-28 20:42:24'),(859,1,'loggedin','{\"username\":\"debola1\"}','2014-07-28 20:42:33','2014-07-28 20:42:33'),(860,1,'loggedout','{\"username\":\"debola1\"}','2014-07-28 20:48:20','2014-07-28 20:48:20'),(861,1,'loggedin','{\"username\":\"debola1\"}','2014-07-28 20:48:27','2014-07-28 20:48:27'),(862,1,'loggedout','{\"username\":\"debola1\"}','2014-07-28 20:49:09','2014-07-28 20:49:09'),(863,1,'loggedin','{\"username\":\"debola1\"}','2014-07-28 20:49:18','2014-07-28 20:49:18'),(864,1,'loggedout','{\"username\":\"debola1\"}','2014-07-29 18:03:38','2014-07-29 18:03:38'),(865,1,'loggedin','{\"username\":\"debola1\"}','2014-07-29 19:23:20','2014-07-29 19:23:20'),(866,1,'loggedin','{\"username\":\"debola1\"}','2014-07-29 20:11:35','2014-07-29 20:11:35'),(867,1,'loggedout','{\"username\":\"debola1\"}','2014-07-29 20:48:57','2014-07-29 20:48:57'),(868,2,'loggedin','{\"username\":\"fresh2\"}','2014-07-29 20:49:03','2014-07-29 20:49:03'),(869,1,'loggedout','{\"username\":\"debola1\"}','2014-07-29 20:53:13','2014-07-29 20:53:13'),(870,1,'loggedin','{\"username\":\"debola1\"}','2014-07-29 20:53:23','2014-07-29 20:53:23'),(871,1,'sale','{\"username\":\"debola1\",\"totalprice\":\"20038.6\",\"customername\":null,\"receipt_number\":110}','2014-07-29 21:57:44','2014-07-29 21:57:44'),(872,1,'sale','{\"username\":\"debola1\",\"totalprice\":\"19500\",\"customername\":null,\"receipt_number\":111}','2014-07-29 22:10:50','2014-07-29 22:10:50'),(873,1,'sale','{\"username\":\"debola1\",\"totalprice\":\"1300\",\"customername\":null,\"receipt_number\":112}','2014-07-29 22:17:18','2014-07-29 22:17:18'),(874,1,'sale','{\"username\":\"debola1\",\"totalprice\":\"650\",\"customername\":null,\"receipt_number\":113}','2014-07-29 22:20:53','2014-07-29 22:20:53'),(875,1,'sale','{\"username\":\"debola1\",\"totalprice\":\"130\",\"customername\":null,\"receipt_number\":114}','2014-07-29 22:22:05','2014-07-29 22:22:05'),(876,1,'sale','{\"username\":\"debola1\",\"totalprice\":\"1600\",\"customername\":null,\"receipt_number\":115}','2014-07-29 22:37:22','2014-07-29 22:37:22'),(877,1,'sale','{\"username\":\"debola1\",\"totalprice\":\"1700\",\"customername\":null,\"receipt_number\":116}','2014-07-29 22:38:25','2014-07-29 22:38:25'),(878,1,'sale','{\"username\":\"debola1\",\"totalprice\":\"800\",\"customername\":\"Adebola Bello\",\"receipt_number\":117}','2014-07-30 08:46:50','2014-07-30 08:46:50'),(879,1,'stock','{\"products\":\"god of war 3\",\"stocktype\":\"unitprice\",\"stocktype_unitprice_mode\":\"wholesale price\",\"amount\":\"N12,000.00k\",\"username\":\"debola1\"}','2014-07-31 03:34:02','2014-07-31 03:34:02'),(880,1,'stock','{\"stocktype_update_quantity\":\"add\",\"products\":\"god of war 3\",\"stocktype\":\"update\",\"stocktype_update\":\"quantity\",\"stocktype_update_quantity_count\":10,\"username\":\"debola1\"}','2014-07-31 03:34:16','2014-07-31 03:34:16'),(881,1,'stock','{\"stocktype_update_quantity\":\"add\",\"products\":\"god of war 3\",\"stocktype\":\"update\",\"stocktype_update\":\"quantity\",\"stocktype_update_quantity_count\":30,\"username\":\"debola1\"}','2014-07-31 03:34:32','2014-07-31 03:34:32'),(882,1,'stock','{\"stocktype_update_quantity\":\"\",\"products\":\"killzone 3 playstation 3\",\"stocktype\":\"update\",\"stocktype_update\":\"quantity\",\"stocktype_update_quantity_count\":90,\"username\":\"debola1\"}','2014-07-31 03:34:59','2014-07-31 03:34:59'),(883,1,'stock','{\"products\":\"killzone 3 playstation 3\",\"stocktype\":\"unitprice\",\"stocktype_unitprice_mode\":\"wholesale price\",\"amount\":\"N15,500.00k\",\"username\":\"debola1\"}','2014-07-31 03:35:06','2014-07-31 03:35:06'),(884,1,'stock','{\"products\":\"killzone 3 ps3\",\"stocktype\":\"update\",\"stocktype_update\":\"quantity\",\"stocktype_update_quantity\":\"\",\"stocktype_update_quantity_count\":\"10\",\"username\":\"debola1\"}','2014-07-31 20:10:43','2014-07-31 20:10:43'),(885,1,'stock','{\"products\":\"killzone 3 ps3\",\"stocktype\":\"update\",\"stocktype_update\":\"quantity\",\"stocktype_update_quantity\":\"\",\"stocktype_update_quantity_count\":\"1\",\"username\":\"debola1\"}','2014-07-31 20:10:45','2014-07-31 20:10:45'),(886,1,'stock','{\"products\":\"killzone 3 ps3\",\"stocktype\":\"update\",\"stocktype_update\":\"quantity\",\"stocktype_update_quantity\":\"\",\"stocktype_update_quantity_count\":\"10\",\"username\":\"debola1\"}','2014-07-31 20:12:36','2014-07-31 20:12:36'),(887,1,'stock','{\"products\":\"barbinx\",\"stocktype\":\"unitprice\",\"stocktype_unitprice_mode\":\"retail price\",\"amount\":\"\\u20a620,038.00k\",\"username\":\"debola1\"}','2014-08-01 06:52:22','2014-08-01 06:52:22'),(888,1,'stock','{\"products\":\"barbinx\",\"stocktype\":\"discount\",\"stocktype_unitprice_mode\":\"retail discount\",\"amount\":\"10%\",\"username\":\"debola1\"}','2014-08-01 06:52:50','2014-08-01 06:52:50'),(889,1,'stock','{\"products\":\"[ mac \\/ lipstick ] = Nail Painting\",\"stocktype\":\"create\",\"username\":\"debola1\"}','2014-08-01 06:54:05','2014-08-01 06:54:05'),(890,1,'stock','{\"products\":\"nail painting\",\"stocktype\":\"unitprice\",\"stocktype_unitprice_mode\":\"retail price\",\"amount\":\"\\u20a62,973.00k\",\"username\":\"debola1\"}','2014-08-01 06:54:20','2014-08-01 06:54:20'),(891,1,'stock','{\"products\":\"nail painting\",\"stocktype\":\"unitprice\",\"stocktype_unitprice_mode\":\"retail price\",\"amount\":\"\\u20a60.00k\",\"username\":\"debola1\"}','2014-08-01 06:54:32','2014-08-01 06:54:32'),(892,1,'stock','{\"products\":\"nail painting\",\"stocktype\":\"discount\",\"stocktype_unitprice_mode\":\"retail discount\",\"amount\":\"10%\",\"username\":\"debola1\"}','2014-08-01 06:54:37','2014-08-01 06:54:37'),(893,1,'stock','{\"products\":\"nail painting\",\"stocktype\":\"unitprice\",\"stocktype_unitprice_mode\":\"retail price\",\"amount\":\"\\u20a69,238.00k\",\"username\":\"debola1\"}','2014-08-01 06:54:46','2014-08-01 06:54:46'),(894,1,'stock','{\"products\":\"[ mac \\/ home services ] = nail painting\",\"products_status\":1,\"stocktype\":\"status\",\"username\":\"debola1\"}','2014-08-01 06:54:52','2014-08-01 06:54:52'),(895,1,'stock','{\"products\":\"[ mac \\/ niger raw ] = danzd\",\"products_status\":1,\"stocktype\":\"status\",\"username\":\"debola1\"}','2014-08-01 06:58:41','2014-08-01 06:58:41'),(896,1,'stock','{\"products\":\"danzd\",\"stocktype\":\"unitprice\",\"stocktype_unitprice_mode\":\"retail price\",\"amount\":\"\\u20a62,934.00k\",\"username\":\"debola1\"}','2014-08-01 06:58:49','2014-08-01 06:58:49'),(897,1,'loggedin','{\"username\":\"debola1\"}','2014-08-01 07:11:03','2014-08-01 07:11:03'),(898,1,'stock','{\"products\":\"danzd\",\"stocktype\":\"update\",\"stocktype_update\":\"quantity\",\"stocktype_update_quantity\":\"\",\"stocktype_update_quantity_count\":\"1\",\"username\":\"debola1\"}','2014-08-01 23:15:11','2014-08-01 23:15:11'),(899,1,'loggedin','{\"username\":\"debola1\"}','2014-08-02 07:28:19','2014-08-02 07:28:19'),(900,1,'loggedout','{\"username\":\"debola1\"}','2014-08-02 08:06:04','2014-08-02 08:06:04'),(901,1,'loggedin','{\"username\":\"debola1\"}','2014-08-02 08:06:13','2014-08-02 08:06:13'),(902,1,'loggedin','{\"username\":\"debola1\"}','2014-08-03 19:03:56','2014-08-03 19:03:56'),(903,1,'loggedin','{\"username\":\"debola1\"}','2014-08-03 19:14:53','2014-08-03 19:14:53'),(904,1,'loggedin','{\"username\":\"debola1\"}','2014-08-07 19:04:00','2014-08-07 19:04:00'),(905,1,'loggedout','{\"username\":\"debola1\"}','2014-08-07 19:05:41','2014-08-07 19:05:41'),(906,2,'loggedin','{\"username\":\"fresh2\"}','2014-08-07 19:05:50','2014-08-07 19:05:50'),(907,1,'loggedout','{\"username\":\"debola1\"}','2014-08-07 19:06:34','2014-08-07 19:06:34'),(908,1,'loggedin','{\"username\":\"debola1\"}','2014-08-07 19:06:44','2014-08-07 19:06:44'),(909,2,'sale','{\"username\":\"fresh2\",\"totalprice\":\"2800\",\"customername\":\"Adebola Bello\",\"receipt_number\":118}','2014-08-07 20:04:07','2014-08-07 20:04:07'),(910,2,'sale','{\"username\":\"fresh2\",\"totalprice\":\"33500\",\"customername\":\"Adebola Bello\",\"receipt_number\":119}','2014-08-07 20:05:43','2014-08-07 20:05:43'),(911,1,'stock','{\"products\":\"killzone 3 ps3\",\"stocktype\":\"unitprice\",\"stocktype_unitprice_mode\":\"retail price\",\"amount\":\"\\u20a65,000.00k\",\"username\":\"debola1\"}','2014-08-07 22:10:31','2014-08-07 22:10:31'),(912,1,'stock','{\"products\":\"killzone 3 ps3\",\"stocktype\":\"unitprice\",\"stocktype_unitprice_mode\":\"retail price\",\"amount\":\"\\u20a615,000.00k\",\"username\":\"debola1\"}','2014-08-07 22:15:17','2014-08-07 22:15:17'),(913,1,'stock','{\"products\":\"killzone 3 ps3\",\"stocktype\":\"unitprice\",\"stocktype_unitprice_mode\":\"retail price\",\"amount\":\"\\u20a65,000.00k\",\"username\":\"debola1\"}','2014-08-07 22:15:25','2014-08-07 22:15:25'),(914,1,'stock','{\"products\":\"killzone 3 ps3\",\"stocktype\":\"unitprice\",\"stocktype_unitprice_mode\":\"retail price\",\"amount\":\"\\u20a67,000.00k\",\"username\":\"debola1\"}','2014-08-07 22:26:41','2014-08-07 22:26:41'),(915,1,'stock','{\"products\":\"killzone 3 ps3\",\"stocktype\":\"unitprice\",\"stocktype_unitprice_mode\":\"retail price\",\"amount\":\"\\u20a65,000.00k\",\"username\":\"debola1\"}','2014-08-07 22:33:29','2014-08-07 22:33:29'),(916,1,'stock','{\"products\":\"killzone 3 ps3\",\"stocktype\":\"unitprice\",\"stocktype_unitprice_mode\":\"retail price\",\"amount\":\"\\u20a610,000.00k\",\"username\":\"debola1\"}','2014-08-07 22:33:57','2014-08-07 22:33:57'),(917,1,'stock','{\"products\":\"killzone 3 ps3\",\"stocktype\":\"unitprice\",\"stocktype_unitprice_mode\":\"retail price\",\"amount\":\"\\u20a65,000.00k\",\"username\":\"debola1\"}','2014-08-07 22:39:03','2014-08-07 22:39:03'),(918,1,'stock','{\"products\":\"killzone 3 ps3\",\"stocktype\":\"unitprice\",\"stocktype_unitprice_mode\":\"retail price\",\"amount\":\"\\u20a66,000.00k\",\"username\":\"debola1\"}','2014-08-07 22:42:45','2014-08-07 22:42:45'),(919,1,'stock','{\"products\":\"killzone 3 ps3\",\"stocktype\":\"discount\",\"stocktype_unitprice_mode\":\"retail discount\",\"amount\":\"0%\",\"username\":\"debola1\"}','2014-08-07 22:43:07','2014-08-07 22:43:07'),(920,1,'stock','{\"products\":\"killzone 3 ps3\",\"stocktype\":\"unitprice\",\"stocktype_unitprice_mode\":\"retail price\",\"amount\":\"\\u20a61,000.00k\",\"username\":\"debola1\"}','2014-08-07 22:43:20','2014-08-07 22:43:20'),(921,1,'stock','{\"products\":\"killzone 3 ps3\",\"stocktype\":\"unitprice\",\"stocktype_unitprice_mode\":\"retail price\",\"amount\":\"\\u20a62,000.00k\",\"username\":\"debola1\"}','2014-08-07 22:45:19','2014-08-07 22:45:19'),(922,1,'stock','{\"products\":\"killzone 3 ps3\",\"stocktype\":\"unitprice\",\"stocktype_unitprice_mode\":\"retail price\",\"amount\":\"\\u20a65,000.00k\",\"username\":\"debola1\"}','2014-08-07 22:45:32','2014-08-07 22:45:32'),(923,1,'stock','{\"products\":\"killzone 3 ps3\",\"stocktype\":\"update\",\"stocktype_update\":\"quantity\",\"stocktype_update_quantity\":\"\",\"stocktype_update_quantity_count\":\"10\",\"username\":\"debola1\"}','2014-08-07 22:45:58','2014-08-07 22:45:58'),(924,1,'stock','{\"products\":\"killzone 3 ps3\",\"stocktype\":\"discount\",\"stocktype_unitprice_mode\":\"retail discount\",\"amount\":\"50%\",\"username\":\"debola1\"}','2014-08-07 22:46:14','2014-08-07 22:46:14'),(925,1,'stock','{\"products\":\"killzone 3 ps3\",\"stocktype\":\"discount\",\"stocktype_unitprice_mode\":\"retail discount\",\"amount\":\"0%\",\"username\":\"debola1\"}','2014-08-07 22:46:46','2014-08-07 22:46:46'),(926,1,'stock','{\"products\":\"killzone 3 ps3\",\"stocktype\":\"discount\",\"stocktype_unitprice_mode\":\"retail discount\",\"amount\":\"50%\",\"username\":\"debola1\"}','2014-08-07 22:47:20','2014-08-07 22:47:20'),(927,1,'stock','{\"products\":\"killzone 3 ps3\",\"stocktype\":\"discount\",\"stocktype_unitprice_mode\":\"retail discount\",\"amount\":\"0%\",\"username\":\"debola1\"}','2014-08-07 22:47:26','2014-08-07 22:47:26'),(928,1,'stock','{\"products\":\"killzone 3 ps3\",\"stocktype\":\"discount\",\"stocktype_unitprice_mode\":\"retail discount\",\"amount\":\"1%\",\"username\":\"debola1\"}','2014-08-07 22:47:47','2014-08-07 22:47:47'),(929,1,'stock','{\"products\":\"killzone 3 ps3\",\"stocktype\":\"discount\",\"stocktype_unitprice_mode\":\"retail discount\",\"amount\":\"0%\",\"username\":\"debola1\"}','2014-08-07 22:48:18','2014-08-07 22:48:18'),(930,1,'stock','{\"products\":\"killzone 3 ps3\",\"stocktype\":\"discount\",\"stocktype_unitprice_mode\":\"retail discount\",\"amount\":\"50%\",\"username\":\"debola1\"}','2014-08-07 22:53:37','2014-08-07 22:53:37'),(931,1,'stock','{\"products\":\"killzone 3 ps3\",\"stocktype\":\"discount\",\"stocktype_unitprice_mode\":\"retail discount\",\"amount\":\"0%\",\"username\":\"debola1\"}','2014-08-07 22:53:42','2014-08-07 22:53:42'),(932,1,'stock','{\"products\":\"killzone 3 ps3\",\"stocktype\":\"discount\",\"stocktype_unitprice_mode\":\"retail discount\",\"amount\":\"1%\",\"username\":\"debola1\"}','2014-08-07 22:56:02','2014-08-07 22:56:02'),(933,1,'stock','{\"products\":\"killzone 3 ps3\",\"stocktype\":\"discount\",\"stocktype_unitprice_mode\":\"retail discount\",\"amount\":\"0%\",\"username\":\"debola1\"}','2014-08-07 22:56:06','2014-08-07 22:56:06'),(934,1,'stock','{\"products\":\"killzone 3 ps3\",\"stocktype\":\"discount\",\"stocktype_unitprice_mode\":\"retail discount\",\"amount\":\"1%\",\"username\":\"debola1\"}','2014-08-07 22:57:27','2014-08-07 22:57:27'),(935,1,'stock','{\"products\":\"killzone 3 ps3\",\"stocktype\":\"discount\",\"stocktype_unitprice_mode\":\"retail discount\",\"amount\":\"0%\",\"username\":\"debola1\"}','2014-08-07 22:57:30','2014-08-07 22:57:30'),(936,1,'stock','{\"products\":\"killzone 3 ps3\",\"stocktype\":\"discount\",\"stocktype_unitprice_mode\":\"retail discount\",\"amount\":\"50%\",\"username\":\"debola1\"}','2014-08-07 22:57:52','2014-08-07 22:57:52'),(937,1,'stock','{\"products\":\"killzone 3 ps3\",\"stocktype\":\"unitprice\",\"stocktype_unitprice_mode\":\"retail price\",\"amount\":\"\\u20a610,000.00k\",\"username\":\"debola1\"}','2014-08-07 22:58:25','2014-08-07 22:58:25'),(938,1,'stock','{\"products\":\"killzone 3 ps3\",\"stocktype\":\"discount\",\"stocktype_unitprice_mode\":\"retail discount\",\"amount\":\"0%\",\"username\":\"debola1\"}','2014-08-07 23:08:36','2014-08-07 23:08:36'),(939,1,'stock','{\"products\":\"killzone 3 ps3\",\"stocktype\":\"unitprice\",\"stocktype_unitprice_mode\":\"retail price\",\"amount\":\"\\u20a65,000.00k\",\"username\":\"debola1\"}','2014-08-07 23:08:45','2014-08-07 23:08:45'),(940,1,'stock','{\"products\":\"killzone 3 ps3\",\"stocktype\":\"unitprice\",\"stocktype_unitprice_mode\":\"retail price\",\"amount\":\"\\u20a69,000.00k\",\"username\":\"debola1\"}','2014-08-07 23:10:21','2014-08-07 23:10:21'),(941,1,'stock','{\"products\":\"killzone 3 ps3\",\"stocktype\":\"unitprice\",\"stocktype_unitprice_mode\":\"retail price\",\"amount\":\"\\u20a62,000.00k\",\"username\":\"debola1\"}','2014-08-07 23:10:37','2014-08-07 23:10:37'),(942,1,'stock','{\"products\":\"killzone 3 ps3\",\"stocktype\":\"update\",\"stocktype_update\":\"quantity\",\"stocktype_update_quantity\":\"\",\"stocktype_update_quantity_count\":\"0\",\"username\":\"debola1\"}','2014-08-07 23:10:43','2014-08-07 23:10:43'),(943,1,'stock','{\"products\":\"killzone 3 ps3\",\"stocktype\":\"update\",\"stocktype_update\":\"quantity\",\"stocktype_update_quantity\":\"\",\"stocktype_update_quantity_count\":\"10\",\"username\":\"debola1\"}','2014-08-07 23:11:08','2014-08-07 23:11:08'),(944,1,'stock','{\"products\":\"killzone 3 ps3\",\"stocktype\":\"unitprice\",\"stocktype_unitprice_mode\":\"retail price\",\"amount\":\"\\u20a610,000.00k\",\"username\":\"debola1\"}','2014-08-07 23:11:15','2014-08-07 23:11:15'),(945,1,'stock','{\"products\":\"killzone 3 ps3\",\"stocktype\":\"update\",\"stocktype_update\":\"quantity\",\"stocktype_update_quantity\":\"\",\"stocktype_update_quantity_count\":\"0\",\"username\":\"debola1\"}','2014-08-07 23:18:00','2014-08-07 23:18:00'),(946,1,'stock','{\"products\":\"killzone 3 ps3\",\"stocktype\":\"update\",\"stocktype_update\":\"quantity\",\"stocktype_update_quantity\":\"\",\"stocktype_update_quantity_count\":\"10\",\"username\":\"debola1\"}','2014-08-07 23:23:50','2014-08-07 23:23:50'),(947,1,'stock','{\"products\":\"killzone 3 ps3\",\"stocktype\":\"update\",\"stocktype_update\":\"quantity\",\"stocktype_update_quantity\":\"\",\"stocktype_update_quantity_count\":\"0\",\"username\":\"debola1\"}','2014-08-07 23:23:59','2014-08-07 23:23:59'),(948,1,'stock','{\"products\":\"killzone 3 ps3\",\"stocktype\":\"update\",\"stocktype_update\":\"quantity\",\"stocktype_update_quantity\":\"\",\"stocktype_update_quantity_count\":\"5\",\"username\":\"debola1\"}','2014-08-07 23:25:04','2014-08-07 23:25:04'),(949,1,'stock','{\"products\":\"killzone 3 ps3\",\"stocktype\":\"update\",\"stocktype_update\":\"quantity\",\"stocktype_update_quantity\":\"\",\"stocktype_update_quantity_count\":\"9\",\"username\":\"debola1\"}','2014-08-07 23:25:09','2014-08-07 23:25:09'),(950,1,'stock','{\"products\":\"killzone 3 ps3\",\"stocktype\":\"update\",\"stocktype_update\":\"quantity\",\"stocktype_update_quantity\":\"\",\"stocktype_update_quantity_count\":\"10\",\"username\":\"debola1\"}','2014-08-07 23:25:39','2014-08-07 23:25:39'),(951,1,'loggedout','{\"username\":\"debola1\"}','2014-08-08 02:48:26','2014-08-08 02:48:26'),(952,1,'loggedin','{\"username\":\"debola1\"}','2014-08-08 02:48:35','2014-08-08 02:48:35'),(953,1,'loggedin','{\"username\":\"debola1\"}','2014-08-14 16:41:08','2014-08-14 16:41:08'),(954,1,'stock','{\"products\":\"god of war 3\",\"stocktype\":\"unitprice\",\"stocktype_unitprice_mode\":\"retail price\",\"amount\":\"\\u20a611,000.00k\",\"username\":\"debola1\"}','2014-08-14 16:42:00','2014-08-14 16:42:00'),(955,1,'stock','{\"products\":\"god of war 3\",\"stocktype\":\"unitprice\",\"stocktype_unitprice_mode\":\"retail price\",\"amount\":\"\\u20a610,000.00k\",\"username\":\"debola1\"}','2014-08-14 16:42:24','2014-08-14 16:42:24'),(956,1,'stock','{\"products\":\"god of war 3\",\"stocktype\":\"unitprice\",\"stocktype_unitprice_mode\":\"retail price\",\"amount\":\"\\u20a611,000.00k\",\"username\":\"debola1\"}','2014-08-14 16:42:37','2014-08-14 16:42:37'),(957,1,'stock','{\"products\":\"god of war 3\",\"stocktype\":\"unitprice\",\"stocktype_unitprice_mode\":\"retail price\",\"amount\":\"\\u20a64,000.00k\",\"username\":\"debola1\"}','2014-08-14 16:43:03','2014-08-14 16:43:03'),(958,1,'stock','{\"products\":\"god of war 3\",\"stocktype\":\"unitprice\",\"stocktype_unitprice_mode\":\"retail price\",\"amount\":\"\\u20a611,000.00k\",\"username\":\"debola1\"}','2014-08-14 16:43:32','2014-08-14 16:43:32'),(959,1,'loggedin','{\"username\":\"debola1\"}','2014-08-14 16:50:04','2014-08-14 16:50:04'),(960,1,'loggedout','{\"username\":\"debola1\"}','2014-08-20 21:46:59','2014-08-20 21:46:59'),(961,1,'loggedout','{\"username\":\"debola1\"}','2014-08-20 21:47:24','2014-08-20 21:47:24'),(962,1,'loggedin','{\"username\":\"debola1\"}','2014-08-20 21:47:39','2014-08-20 21:47:39'),(963,2,'loggedin','{\"username\":\"fresh2\"}','2014-08-20 21:48:15','2014-08-20 21:48:15');
/*!40000 ALTER TABLE `g56_users_activities` ENABLE KEYS */;
UNLOCK TABLES;

--
-- Table structure for table `g56_usersprofile`
--

DROP TABLE IF EXISTS `g56_usersprofile`;
/*!40101 SET @saved_cs_client     = @@character_set_client */;
/*!40101 SET character_set_client = utf8 */;
CREATE TABLE `g56_usersprofile` (
  `id` int(10) unsigned NOT NULL AUTO_INCREMENT,
  `user_id` int(11) NOT NULL,
  `name` varchar(255) COLLATE utf8_unicode_ci NOT NULL,
  `address` varchar(255) COLLATE utf8_unicode_ci NOT NULL,
  `phone` int(11) NOT NULL,
  `email` varchar(255) COLLATE utf8_unicode_ci NOT NULL,
  `created_at` timestamp NOT NULL DEFAULT '0000-00-00 00:00:00',
  `updated_at` timestamp NOT NULL DEFAULT '0000-00-00 00:00:00',
  PRIMARY KEY (`id`),
  UNIQUE KEY `usersprofile_phone_unique` (`phone`),
  UNIQUE KEY `usersprofile_email_unique` (`email`)
) ENGINE=InnoDB DEFAULT CHARSET=utf8 COLLATE=utf8_unicode_ci;
/*!40101 SET character_set_client = @saved_cs_client */;

--
-- Dumping data for table `g56_usersprofile`
--

LOCK TABLES `g56_usersprofile` WRITE;
/*!40000 ALTER TABLE `g56_usersprofile` DISABLE KEYS */;
/*!40000 ALTER TABLE `g56_usersprofile` ENABLE KEYS */;
UNLOCK TABLES;

--
-- Table structure for table `g56_vendors`
--

DROP TABLE IF EXISTS `g56_vendors`;
/*!40101 SET @saved_cs_client     = @@character_set_client */;
/*!40101 SET character_set_client = utf8 */;
CREATE TABLE `g56_vendors` (
  `id` int(10) unsigned NOT NULL AUTO_INCREMENT,
  `name` varchar(255) COLLATE utf8_unicode_ci NOT NULL,
  `email` varchar(255) COLLATE utf8_unicode_ci NOT NULL,
  `phone` varchar(255) COLLATE utf8_unicode_ci NOT NULL,
  `address` varchar(255) COLLATE utf8_unicode_ci NOT NULL,
  `comment` text COLLATE utf8_unicode_ci NOT NULL,
  `user_id` int(11) NOT NULL,
  `created_at` timestamp NOT NULL DEFAULT '0000-00-00 00:00:00',
  `updated_at` timestamp NOT NULL DEFAULT '0000-00-00 00:00:00',
  PRIMARY KEY (`id`)
) ENGINE=InnoDB AUTO_INCREMENT=2 DEFAULT CHARSET=utf8 COLLATE=utf8_unicode_ci;
/*!40101 SET character_set_client = @saved_cs_client */;

--
-- Dumping data for table `g56_vendors`
--

LOCK TABLES `g56_vendors` WRITE;
/*!40000 ALTER TABLE `g56_vendors` DISABLE KEYS */;
INSERT INTO `g56_vendors` VALUES (1,'BucketCodes','mytansill@yahoo.com','08092293338','Suite FF8, Berger paint Plaza','Do you like the program?',1,'2014-05-21 15:58:50','2014-05-21 15:58:50');
/*!40000 ALTER TABLE `g56_vendors` ENABLE KEYS */;
UNLOCK TABLES;
/*!40103 SET TIME_ZONE=@OLD_TIME_ZONE */;

/*!40101 SET SQL_MODE=@OLD_SQL_MODE */;
/*!40014 SET FOREIGN_KEY_CHECKS=@OLD_FOREIGN_KEY_CHECKS */;
/*!40014 SET UNIQUE_CHECKS=@OLD_UNIQUE_CHECKS */;
/*!40101 SET CHARACTER_SET_CLIENT=@OLD_CHARACTER_SET_CLIENT */;
/*!40101 SET CHARACTER_SET_RESULTS=@OLD_CHARACTER_SET_RESULTS */;
/*!40101 SET COLLATION_CONNECTION=@OLD_COLLATION_CONNECTION */;
/*!40111 SET SQL_NOTES=@OLD_SQL_NOTES */;

-- Dump completed on 2014-08-21  0:49:34
